pcustomer_id,first_name,last_name,email_id,phone_number,current_network,source,device_name
1,Maryann,Geratt,mgeratt0@ustream.tv,506-659-0472,Lyca,Instagram,Iphone
2,Gloriane,Brigden,gbrigden1@booking.com,761-258-6214,AT&T,Banner Ads,Iphone
3,Alastair,Simenot,asimenot2@answers.com,867-856-6183,Sprint,Facebook,Iphone
4,Frederico,Slowcock,fslowcock3@answers.com,564-489-6035,AT&T,Facebook,Iphone
5,Alexina,Roff,aroff4@facebook.com,394-368-9764,AT&T,Instagram,Android
6,Cynthia,Moulds,cmoulds5@seesaa.net,989-236-7700,Lyca,Instagram,Android
7,Muhammad,Ornillos,mornillos6@weibo.com,129-643-1145,Verizon,Banner Ads,Android
8,Antonia,Faull,afaull7@list-manage.com,280-336-5578,Verizon,Hoardings,Android
9,Aguie,Gilphillan,agilphillan8@amazon.com,769-849-3709,AT&T,Facebook,Android
10,Juanita,Becken,jbecken9@vk.com,180-422-5256,T-Mobile,Hoardings,Iphone
11,Denni,Drakeley,ddrakeleya@dagondesign.com,482-735-5603,T-Mobile,Hoardings,Android
12,Corbett,Trebilcock,ctrebilcockb@nps.gov,454-351-0277,Comcast,Hoardings,Android
13,Jobyna,O'Cosgra,jocosgrac@goo.gl,463-859-8331,Verizon,Instagram,Iphone
14,Ainslie,McGlaughn,amcglaughnd@delicious.com,434-211-2357,AT&T,Instagram,Android
15,Anatole,Cecil,acecile@lycos.com,725-756-6043,Lyca,Facebook,Android
16,Sollie,Kosel,skoself@diigo.com,330-412-5639,Verizon,Hoardings,Android
17,Humfrey,Apfler,hapflerg@blogs.com,343-293-1768,Comcast,Facebook,Iphone
18,Onida,Yellowlees,oyellowleesh@fda.gov,839-128-2270,Verizon,Facebook,Iphone
19,Bert,Goodin,bgoodini@163.com,455-709-0567,Verizon,Instagram,Android
20,Tessa,Tewes,ttewesj@ovh.net,525-113-8423,Comcast,Hoardings,Android
21,Cecilla,Charker,ccharkerk@gov.uk,992-610-6037,T-Mobile,Banner Ads,Android
22,Cirilo,Nehl,cnehll@bbb.org,738-786-9015,AT&T,Banner Ads,Iphone
23,Colleen,Sokell,csokellm@google.com.br,771-399-8100,Sprint,Banner Ads,Iphone
24,Denise,Hearle,dhearlen@sciencedirect.com,629-143-1753,AT&T,Instagram,Android
25,Claire,Pennetta,cpennettao@jiathis.com,596-661-3591,T-Mobile,Banner Ads,Android
26,Dorey,Bourke,dbourkep@acquirethisname.com,156-732-0089,T-Mobile,Instagram,Android
27,Chrystel,Delia,cdeliaq@bloglines.com,946-952-0303,T-Mobile,Hoardings,Android
28,Baird,Burdfield,bburdfieldr@typepad.com,132-678-3542,AT&T,Hoardings,Android
29,Saunderson,Hallybone,shallybones@apple.com,449-312-4541,Verizon,Hoardings,Iphone
30,Thomasa,Sellor,tsellort@zdnet.com,449-489-8759,T-Mobile,Banner Ads,Iphone
31,Gelya,Peggrem,gpeggremu@e-recht24.de,938-874-9939,Sprint,Facebook,Android
32,Rufe,Ferres,rferresv@paypal.com,746-909-4471,T-Mobile,Facebook,Android
33,Doroteya,Moodie,dmoodiew@sciencedirect.com,753-864-8674,AT&T,Instagram,Android
34,Seamus,Taggerty,staggertyx@youtu.be,478-797-4849,Lyca,Banner Ads,Android
35,Dreddy,Loxly,dloxlyy@sciencedirect.com,731-478-2338,Lyca,Hoardings,Iphone
36,Ebenezer,Valentinetti,evalentinettiz@infoseek.co.jp,222-411-2827,AT&T,Instagram,Android
37,Lynnette,Rickis,lrickis10@godaddy.com,518-254-4517,Sprint,Banner Ads,Iphone
38,Ailene,Hutley,ahutley11@istockphoto.com,578-666-6300,Comcast,Instagram,Android
39,Tania,Abelov,tabelov12@flickr.com,722-667-3602,Lyca,Facebook,Android
40,Raeann,Levin,rlevin13@comsenz.com,218-627-9549,Comcast,Banner Ads,Android
41,Mavis,Issacoff,missacoff14@uiuc.edu,838-627-1244,Sprint,Facebook,Android
42,Rodd,Kemery,rkemery15@cargocollective.com,336-222-2217,Verizon,Instagram,Android
43,Dick,Dell,ddell16@archive.org,913-910-7307,Lyca,Facebook,Android
44,Ingeberg,Teasell,iteasell17@auda.org.au,443-274-0045,Sprint,Hoardings,Iphone
45,Hurleigh,Goundrill,hgoundrill18@yale.edu,930-212-9432,AT&T,Hoardings,Iphone
46,Enid,Silburn,esilburn19@freewebs.com,667-196-8715,AT&T,Banner Ads,Android
47,Dennet,Canepe,dcanepe1a@va.gov,977-621-9204,Verizon,Facebook,Android
48,Benoite,Woodeson,bwoodeson1b@issuu.com,999-205-4176,AT&T,Banner Ads,Iphone
49,Melitta,Boeck,mboeck1c@dion.ne.jp,678-822-6301,Comcast,Instagram,Android
50,Ravid,Moffet,rmoffet1d@g.co,390-970-3028,AT&T,Facebook,Iphone
51,Raeann,Stood,rstood1e@merriam-webster.com,679-148-8993,Comcast,Instagram,Iphone
52,Jeremie,Ashleigh,jashleigh1f@plala.or.jp,648-410-1112,AT&T,Instagram,Iphone
53,Ax,Gosforth,agosforth1g@icq.com,452-809-9769,Sprint,Banner Ads,Iphone
54,Dwayne,Paolinelli,dpaolinelli1h@yale.edu,985-169-0694,Lyca,Banner Ads,Android
55,Brianne,Rosenhaupt,brosenhaupt1i@bbb.org,612-363-2696,T-Mobile,Instagram,Iphone
56,Sibeal,Aristide,saristide1j@ning.com,428-277-5452,Lyca,Instagram,Iphone
57,Terrence,Hadgkiss,thadgkiss1k@hp.com,385-638-4209,Lyca,Instagram,Iphone
58,Sarina,Regardsoe,sregardsoe1l@nytimes.com,676-302-4345,Verizon,Hoardings,Iphone
59,Joletta,Schimoni,jschimoni1m@japanpost.jp,157-891-4795,Lyca,Banner Ads,Android
60,Bruce,Snalom,bsnalom1n@samsung.com,586-526-7124,Comcast,Instagram,Android
61,Leonard,Gilmartin,lgilmartin1o@pcworld.com,739-973-4207,Sprint,Instagram,Android
62,Hermine,Lander,hlander1p@biblegateway.com,749-985-0992,T-Mobile,Facebook,Android
63,Annalise,McPhelim,amcphelim1q@usatoday.com,321-186-8083,Verizon,Instagram,Android
64,Merrile,Denes,mdenes1r@hibu.com,916-375-5556,Verizon,Facebook,Android
65,Grissel,Dilgarno,gdilgarno1s@cdc.gov,999-588-9979,T-Mobile,Facebook,Android
66,Friederike,Topping,ftopping1t@joomla.org,492-481-8779,Verizon,Instagram,Android
67,Goldie,Ughini,gughini1u@ehow.com,856-269-9197,T-Mobile,Facebook,Iphone
68,Thaxter,Cawkwell,tcawkwell1v@dedecms.com,965-408-4188,T-Mobile,Instagram,Android
69,Nelia,Sainte Paul,nsaintepaul1w@taobao.com,471-547-4655,Sprint,Hoardings,Iphone
70,Seth,Simister,ssimister1x@qq.com,588-280-5450,AT&T,Facebook,Iphone
71,Korry,Ewell,kewell1y@nationalgeographic.com,552-429-7423,Sprint,Instagram,Iphone
72,Clare,MacMenamy,cmacmenamy20@vkontakte.ru,879-455-0222,Comcast,Facebook,Iphone
73,Dene,Boler,dboler21@t.co,283-538-4547,Lyca,Instagram,Android
74,Dareen,Thormwell,dthormwell22@w3.org,220-392-2561,T-Mobile,Hoardings,Android
75,Flinn,Chadbourne,fchadbourne23@eventbrite.com,995-445-7860,Sprint,Hoardings,Android
76,Kenyon,Jaray,kjaray24@posterous.com,658-217-2134,Lyca,Hoardings,Iphone
77,Alfonso,Sperry,asperry25@paypal.com,726-829-9443,Sprint,Instagram,Iphone
78,Evangelina,Kayley,ekayley26@ibm.com,711-589-7459,Lyca,Instagram,Android
79,Gilemette,Weymont,gweymont27@comsenz.com,669-617-3418,Verizon,Hoardings,Iphone
80,Corey,Simeon,csimeon28@phpbb.com,199-131-1644,Lyca,Instagram,Iphone
81,Vite,Bloxam,vbloxam29@gov.uk,427-884-7005,AT&T,Instagram,Iphone
82,Jehu,Fowler,jfowler2a@squidoo.com,328-214-7477,Comcast,Instagram,Android
83,Cassi,Dooly,cdooly2b@multiply.com,894-296-4680,T-Mobile,Instagram,Iphone
84,Daune,Clash,dclash2c@cisco.com,516-991-3103,Sprint,Hoardings,Android
85,Lacie,Goddert.sf,lgoddertsf2d@sphinn.com,187-644-7924,T-Mobile,Instagram,Android
86,Dagny,McClinton,dmcclinton2e@multiply.com,156-588-1500,AT&T,Banner Ads,Android
87,Marissa,Marnane,mmarnane2f@washingtonpost.com,594-486-5333,Lyca,Banner Ads,Android
88,Maurie,Pauwel,mpauwel2g@dion.ne.jp,119-808-3114,Verizon,Hoardings,Android
89,Sayre,Hawke,shawke2h@biglobe.ne.jp,827-396-6685,Sprint,Hoardings,Android
90,Caryn,Ipwell,cipwell2i@jalbum.net,575-253-9719,Sprint,Hoardings,Android
91,Leontyne,Foux,lfoux2j@mit.edu,392-143-4063,Comcast,Instagram,Iphone
92,Kari,Potte,kpotte2k@va.gov,254-928-9300,Verizon,Instagram,Iphone
93,Quinn,Ilson,qilson2l@sakura.ne.jp,676-997-6102,Lyca,Instagram,Android
94,Sascha,Stiven,sstiven2m@geocities.jp,409-370-5908,Comcast,Banner Ads,Android
95,Kimberlee,Frays,kfrays2n@yellowpages.com,481-182-6332,Lyca,Instagram,Iphone
96,Ellen,Sandercock,esandercock2o@nyu.edu,797-529-0795,Lyca,Banner Ads,Android
97,Leanna,Paraman,lparaman2p@xrea.com,113-559-5839,Verizon,Instagram,Iphone
98,Rosalynd,Charnick,rcharnick2q@nature.com,145-413-7368,Lyca,Banner Ads,Android
99,Micky,Ilyuchyov,milyuchyov2r@hp.com,178-687-2546,T-Mobile,Instagram,Iphone
100,Sanson,Moreby,smoreby2s@stanford.edu,944-625-7078,Lyca,Banner Ads,Iphone
101,Neils,Hugonneau,nhugonneau2t@mail.ru,565-373-6762,Lyca,Hoardings,Android
102,Karita,Grouvel,kgrouvel2u@wikispaces.com,219-134-1214,Lyca,Hoardings,Iphone
103,Clair,Harrold,charrold2v@livejournal.com,358-993-4361,Lyca,Facebook,Android
104,Sherilyn,McGeorge,smcgeorge2w@marriott.com,586-914-2240,Comcast,Facebook,Android
105,Bernie,Cheater,bcheater2x@liveinternet.ru,509-434-1462,Comcast,Facebook,Iphone
106,Teodor,Stonard,tstonard2y@smugmug.com,802-802-4291,Sprint,Banner Ads,Android
107,Carlie,Mustchin,cmustchin2z@nps.gov,700-678-7885,Verizon,Hoardings,Android
108,Aaron,Strewther,astrewther30@ovh.net,666-146-0994,Verizon,Facebook,Iphone
109,Samson,McCafferky,smccafferky31@rambler.ru,760-508-6487,Verizon,Instagram,Android
110,Archibaldo,Summerton,asummerton32@princeton.edu,639-237-8422,Verizon,Banner Ads,Iphone
111,Bevan,Gainsbury,bgainsbury33@google.fr,210-498-3679,T-Mobile,Banner Ads,Android
112,Roscoe,Thirtle,rthirtle34@typepad.com,192-361-6012,Lyca,Instagram,Android
113,Justinian,Tole,jtole35@people.com.cn,177-619-7464,Comcast,Banner Ads,Iphone
114,Abner,Skaife d'Ingerthorpe,askaifedingerthorpe36@house.gov,375-593-1580,T-Mobile,Banner Ads,Android
115,Matty,West-Frimley,mwestfrimley37@mozilla.com,859-202-0297,Sprint,Facebook,Android
116,Wendye,McGeachey,wmcgeachey38@mayoclinic.com,828-735-8425,Verizon,Facebook,Iphone
117,Brocky,Galier,bgalier39@51.la,333-570-1952,Lyca,Hoardings,Android
118,Idelle,Ditzel,iditzel3a@sfgate.com,890-917-6697,Verizon,Instagram,Android
119,Reidar,Brockway,rbrockway3b@mozilla.com,385-323-7569,Verizon,Instagram,Iphone
120,Inna,Cheale,icheale3c@yellowbook.com,216-115-6853,Lyca,Hoardings,Iphone
121,Alexandrina,O'Neil,aoneil3d@wikimedia.org,158-412-7757,Verizon,Banner Ads,Iphone
122,Olivier,Grob,ogrob3f@dot.gov,749-961-3831,Verizon,Banner Ads,Android
123,Alexandrina,Keedy,akeedy3g@nydailynews.com,404-756-1043,Verizon,Facebook,Android
124,Isa,Gotfrey,igotfrey3h@cnn.com,840-184-6185,Comcast,Hoardings,Iphone
125,Ignacio,Lane,ilane3i@wisc.edu,314-143-8933,AT&T,Instagram,Iphone
126,Stirling,Dondon,sdondon3j@spotify.com,523-250-1522,Lyca,Facebook,Android
127,Hank,Emtage,hemtage3k@phpbb.com,388-616-8052,Sprint,Hoardings,Android
128,Lea,Everil,leveril3l@redcross.org,837-469-8546,Comcast,Instagram,Iphone
129,Helene,Broadbury,hbroadbury3m@ft.com,368-195-5379,Sprint,Instagram,Iphone
130,Jacques,Roisen,jroisen3n@skyrock.com,676-958-2546,Verizon,Instagram,Iphone
131,Stevana,Petre,spetre3o@furl.net,626-587-0919,Lyca,Facebook,Android
132,Merwyn,Barnewelle,mbarnewelle3p@wix.com,315-844-0033,Lyca,Facebook,Android
133,Filberto,McAtamney,fmcatamney3q@addthis.com,356-426-3899,Sprint,Banner Ads,Android
134,Corinna,Pauncefoot,cpauncefoot3r@aol.com,483-721-0472,T-Mobile,Banner Ads,Iphone
135,Kenton,Halle,khalle3s@hugedomains.com,782-575-9370,Sprint,Hoardings,Iphone
136,Merlina,Vickarman,mvickarman3t@weibo.com,786-492-9931,AT&T,Hoardings,Android
137,Norean,Tipperton,ntipperton3u@jimdo.com,459-504-2880,AT&T,Facebook,Iphone
138,Allie,Farrall,afarrall3v@seesaa.net,518-619-0359,Lyca,Hoardings,Iphone
139,Eziechiele,Britt,ebritt3w@noaa.gov,887-247-1963,Verizon,Hoardings,Iphone
140,Phedra,Fishlock,pfishlock3x@google.fr,339-896-4095,Lyca,Facebook,Android
141,Mil,Guillain,mguillain3y@uol.com.br,904-666-9463,T-Mobile,Facebook,Iphone
142,Lurleen,Jiles,ljiles3z@vk.com,480-794-9447,AT&T,Banner Ads,Android
143,Teddie,Strafford,tstrafford41@pagesperso-orange.fr,987-698-6097,AT&T,Facebook,Android
144,Donn,Hastelow,dhastelow42@issuu.com,442-883-6441,Comcast,Hoardings,Iphone
145,Sebastien,Hymers,shymers43@bizjournals.com,939-949-8264,AT&T,Facebook,Android
146,Mendy,Jeanesson,mjeanesson44@engadget.com,217-892-4550,Verizon,Banner Ads,Android
147,Wiatt,Dalzell,wdalzell45@opera.com,853-170-6563,Sprint,Instagram,Android
148,Valentina,Scapens,vscapens46@geocities.com,285-699-0651,Verizon,Hoardings,Iphone
149,Jacinda,Avann,javann47@i2i.jp,137-424-3917,Verizon,Facebook,Android
150,Pepi,Tarn,ptarn48@icq.com,479-535-0226,AT&T,Hoardings,Android
151,Albie,MacGall,amacgall49@jigsy.com,240-839-1630,Comcast,Instagram,Android
152,Marietta,Poleykett,mpoleykett4a@prweb.com,639-590-9675,Verizon,Instagram,Android
153,Jacob,Juorio,jjuorio4b@etsy.com,367-692-6328,Verizon,Instagram,Android
154,Caryl,Harraway,charraway4c@ca.gov,133-123-8937,Verizon,Facebook,Android
155,Cristal,Covert,ccovert4d@booking.com,344-665-0145,Lyca,Facebook,Iphone
156,Nicholle,Cowperthwaite,ncowperthwaite4e@jalbum.net,312-530-3716,Sprint,Hoardings,Iphone
157,Dalton,McNeilly,dmcneilly4f@reverbnation.com,813-657-8063,Lyca,Facebook,Android
158,Emmalynn,Tootin,etootin4g@upenn.edu,796-308-0413,T-Mobile,Banner Ads,Android
159,Inigo,Whisker,iwhisker4h@amazon.co.jp,216-761-9082,T-Mobile,Facebook,Android
160,Thalia,Doogan,tdoogan4i@usatoday.com,178-625-9721,Verizon,Banner Ads,Iphone
161,Modestia,Loisi,mloisi4j@rambler.ru,897-805-4993,Comcast,Facebook,Iphone
162,Nicky,Drakes,ndrakes4k@skype.com,581-115-5819,Verizon,Instagram,Iphone
163,Marcel,Amiranda,mamiranda4l@forbes.com,556-360-7195,Lyca,Facebook,Android
164,Celestia,Goodluck,cgoodluck4m@chicagotribune.com,606-426-0575,AT&T,Banner Ads,Android
165,Elladine,Tibalt,etibalt4n@who.int,161-142-2936,Lyca,Facebook,Android
166,Franky,Lutman,flutman4o@apple.com,639-315-4079,Sprint,Instagram,Android
167,Kincaid,Goatman,kgoatman4p@live.com,925-512-3703,Comcast,Banner Ads,Android
168,Daphne,Knightley,dknightley4q@answers.com,141-827-4403,Sprint,Hoardings,Iphone
169,Erick,De Goey,edegoey4r@facebook.com,536-117-4109,AT&T,Hoardings,Iphone
170,Germana,Canwell,gcanwell4s@imdb.com,343-921-3610,T-Mobile,Instagram,Android
171,Bren,Tremeer,btremeer4t@narod.ru,304-751-4738,Comcast,Banner Ads,Android
172,Patricia,Furmston,pfurmston4u@histats.com,816-560-2376,Lyca,Instagram,Iphone
173,Orel,Copnar,ocopnar4v@go.com,415-461-4497,T-Mobile,Hoardings,Android
174,Hilarius,Twelftree,htwelftree4w@a8.net,363-852-0691,Verizon,Facebook,Iphone
175,Benoite,Pirrie,bpirrie4x@livejournal.com,295-765-7792,Comcast,Facebook,Android
176,Natalina,Keays,nkeays4y@myspace.com,410-317-6392,Sprint,Instagram,Android
177,Malva,Palser,mpalser4z@moonfruit.com,135-857-9326,T-Mobile,Instagram,Android
178,Sabina,Kurdani,skurdani50@altervista.org,127-718-6315,Verizon,Facebook,Android
179,Winny,Alderman,walderman51@booking.com,608-848-8975,Comcast,Instagram,Iphone
180,Shannen,Purdie,spurdie52@skyrock.com,568-419-3132,T-Mobile,Facebook,Android
181,Jada,Scafe,jscafe53@utexas.edu,414-982-7362,Comcast,Instagram,Iphone
182,Pip,Aymer,paymer54@furl.net,303-529-5780,AT&T,Hoardings,Android
183,Neile,Kneaphsey,nkneaphsey55@phoca.cz,151-328-8567,Comcast,Instagram,Android
184,Trent,McKendry,tmckendry56@dailymail.co.uk,179-801-5449,Comcast,Facebook,Iphone
185,Levey,Pheby,lpheby57@freewebs.com,855-197-2236,Verizon,Facebook,Iphone
186,Lisbeth,Lakes,llakes58@wired.com,711-314-0143,Sprint,Hoardings,Iphone
187,Sholom,Jerke,sjerke59@com.com,910-497-0480,Verizon,Facebook,Iphone
188,Jean,Dommerque,jdommerque5a@pinterest.com,901-654-6493,T-Mobile,Banner Ads,Android
189,Merle,Skirven,mskirven5b@usgs.gov,388-918-5757,Sprint,Instagram,Android
190,Cherise,Lehrian,clehrian5c@clickbank.net,673-644-0599,Comcast,Facebook,Android
191,Vidovik,Scarsbrooke,vscarsbrooke5d@github.io,857-732-2782,Sprint,Facebook,Iphone
192,Duane,Sharpless,dsharpless5e@cmu.edu,360-330-7618,Lyca,Facebook,Android
193,Corina,Khristyukhin,ckhristyukhin5f@geocities.jp,556-209-8999,Lyca,Banner Ads,Iphone
194,Gretchen,Hatherleigh,ghatherleigh5g@slideshare.net,145-707-0642,T-Mobile,Banner Ads,Iphone
195,Gypsy,Diack,gdiack5h@google.com.au,691-346-6381,AT&T,Instagram,Android
196,Lynette,Gladebeck,lgladebeck5i@theglobeandmail.com,722-575-2770,Sprint,Hoardings,Iphone
197,Editha,Birth,ebirth5j@barnesandnoble.com,857-855-4049,AT&T,Facebook,Android
198,Dasi,Cobbold,dcobbold5k@pen.io,315-261-1944,Lyca,Instagram,Iphone
199,Samara,Corballis,scorballis5l@pen.io,820-970-4487,AT&T,Instagram,Iphone
200,Norah,Aicheson,naicheson5m@wikia.com,111-943-2362,Comcast,Banner Ads,Android
201,Vania,Reglar,vreglar5n@php.net,417-147-3383,Sprint,Facebook,Android
202,Timothy,Tomkins,ttomkins5o@uol.com.br,986-213-5627,Comcast,Banner Ads,Android
203,Charles,Olivazzi,colivazzi5p@chicagotribune.com,838-860-6046,AT&T,Instagram,Iphone
204,Yancy,Othick,yothick5q@instagram.com,126-666-4250,AT&T,Facebook,Iphone
205,Laural,Gabe,lgabe5r@redcross.org,313-348-8741,T-Mobile,Banner Ads,Android
206,Igor,Jerzykiewicz,ijerzykiewicz5s@netlog.com,441-180-4253,AT&T,Instagram,Android
207,Lorrayne,Sigward,lsigward5t@eepurl.com,640-414-5895,T-Mobile,Banner Ads,Android
208,Carolee,Winterbottom,cwinterbottom5u@amazon.de,772-682-1886,Lyca,Hoardings,Android
209,Ericha,Cleator,ecleator5v@seesaa.net,473-786-0676,Verizon,Hoardings,Iphone
210,Randolf,Ismirnioglou,rismirnioglou5w@livejournal.com,724-858-0134,Comcast,Hoardings,Android
211,Dalenna,Puve,dpuve5x@opensource.org,515-375-3440,Comcast,Facebook,Iphone
212,Carmelia,Olesen,colesen5y@upenn.edu,506-579-6882,Verizon,Banner Ads,Android
213,Shellie,Kopje,skopje5z@globo.com,821-673-2105,T-Mobile,Banner Ads,Android
214,Diann,Rockcliff,drockcliff60@cocolog-nifty.com,113-150-4292,T-Mobile,Facebook,Android
215,Ninetta,Aisbett,naisbett61@wikispaces.com,301-418-9050,Lyca,Banner Ads,Iphone
216,Row,Di Carli,rdicarli62@craigslist.org,977-112-9134,Verizon,Facebook,Iphone
217,Charlie,McGillivrie,cmcgillivrie63@mlb.com,426-888-2876,Verizon,Hoardings,Android
218,Hort,Zelake,hzelake64@printfriendly.com,427-712-2036,Sprint,Facebook,Android
219,Carlin,Pert,cpert65@dropbox.com,303-450-9262,Verizon,Banner Ads,Android
220,Dorry,Wedgbrow,dwedgbrow66@tuttocitta.it,270-245-8786,T-Mobile,Instagram,Android
221,Carlotta,Riccelli,criccelli67@bloomberg.com,467-378-0228,Lyca,Banner Ads,Android
222,Stacy,Sheepy,ssheepy68@bandcamp.com,377-894-7867,Sprint,Banner Ads,Iphone
223,Clerc,Franek,cfranek69@bloomberg.com,466-267-8797,T-Mobile,Facebook,Iphone
224,Ella,Tidcomb,etidcomb6a@cdc.gov,601-118-7807,Lyca,Banner Ads,Android
225,Devi,Dictus,ddictus6b@cisco.com,399-617-5988,Verizon,Hoardings,Android
226,Dianna,Pursglove,dpursglove6c@prweb.com,669-162-0719,T-Mobile,Facebook,Iphone
227,Cati,Oulner,coulner6d@meetup.com,269-496-6304,Sprint,Instagram,Iphone
228,Ariella,McKeighan,amckeighan6e@exblog.jp,918-268-8806,T-Mobile,Banner Ads,Android
229,Maurits,Wall,mwall6f@cdbaby.com,325-694-7677,Verizon,Hoardings,Iphone
230,Ximenes,Cripps,xcripps6g@rediff.com,243-741-6897,Sprint,Facebook,Iphone
231,Justinian,Parmby,jparmby6h@usgs.gov,180-279-4248,T-Mobile,Banner Ads,Iphone
232,Carmita,Simonini,csimonini6i@dmoz.org,982-781-4024,Comcast,Banner Ads,Android
233,Urbano,Cleghorn,ucleghorn6j@scientificamerican.com,227-485-0735,Sprint,Hoardings,Iphone
234,Robbie,Crudge,rcrudge6k@google.co.jp,682-818-3733,Lyca,Banner Ads,Android
235,Broderick,Cicco,bcicco6l@bloglines.com,851-354-6453,Comcast,Instagram,Android
236,Angela,Charlick,acharlick6m@canalblog.com,419-651-0251,Lyca,Facebook,Iphone
237,Robinet,Jewster,rjewster6n@ycombinator.com,513-909-8007,Verizon,Instagram,Android
238,Rogerio,Abendroth,rabendroth6o@vistaprint.com,813-716-0740,Lyca,Hoardings,Android
239,Steffane,Kenington,skenington6p@java.com,482-906-3317,T-Mobile,Facebook,Android
240,Stephine,Iacobetto,siacobetto6q@kickstarter.com,162-794-8715,Sprint,Instagram,Android
241,Genovera,Kleen,gkleen6r@examiner.com,776-362-0712,Sprint,Banner Ads,Android
242,Kenneth,Baldung,kbaldung6s@merriam-webster.com,134-864-5897,Sprint,Instagram,Iphone
243,Allene,Farenden,afarenden6t@angelfire.com,314-270-2784,T-Mobile,Instagram,Android
244,Kristian,Brane,kbrane6u@amazon.co.uk,492-853-8285,Sprint,Banner Ads,Iphone
245,Amerigo,Chmiel,achmiel6v@japanpost.jp,972-354-2203,Verizon,Instagram,Android
246,Mikol,Di Biagio,mdibiagio6w@independent.co.uk,218-949-8250,AT&T,Instagram,Iphone
247,Betta,Ferrarini,bferrarini6x@google.it,224-283-8386,Comcast,Facebook,Iphone
248,Wilburt,Starrs,wstarrs6y@technorati.com,571-731-5968,Comcast,Banner Ads,Android
249,Devon,Eat,deat6z@hugedomains.com,375-375-8808,AT&T,Instagram,Iphone
250,Mahalia,Pogosian,mpogosian70@dropbox.com,941-958-4274,T-Mobile,Hoardings,Iphone
251,Waylan,Richarson,wricharson71@ucsd.edu,125-960-5994,AT&T,Facebook,Iphone
252,Karlotte,Panas,kpanas72@wordpress.org,455-440-4778,Verizon,Facebook,Iphone
253,Gillan,Tissell,gtissell73@wp.com,446-826-1200,AT&T,Banner Ads,Iphone
254,Tessa,Molan,tmolan74@symantec.com,177-901-6944,T-Mobile,Hoardings,Iphone
255,Cindra,Worley,cworley75@furl.net,290-652-3331,Verizon,Banner Ads,Android
256,Shaylah,Rissen,srissen76@weather.com,111-245-9622,Comcast,Banner Ads,Iphone
257,Maribelle,Bennitt,mbennitt77@photobucket.com,675-231-0995,T-Mobile,Facebook,Android
258,Reinald,Dykes,rdykes78@mapquest.com,147-374-8989,AT&T,Instagram,Android
259,Ynez,Colebeck,ycolebeck79@yellowpages.com,573-285-3721,Verizon,Facebook,Android
260,Dani,Oaks,doaks7a@mtv.com,140-587-6970,AT&T,Banner Ads,Iphone
261,Gisella,Cayette,gcayette7b@istockphoto.com,375-965-5340,Comcast,Hoardings,Android
262,Marley,Roft,mroft7c@so-net.ne.jp,577-289-3751,AT&T,Banner Ads,Android
263,Galven,Broadberry,gbroadberry7d@paginegialle.it,408-148-2441,Sprint,Instagram,Iphone
264,Page,Brendeke,pbrendeke7e@sphinn.com,462-131-9445,T-Mobile,Hoardings,Android
265,Sancho,Colleymore,scolleymore7f@1688.com,552-825-6622,AT&T,Banner Ads,Android
266,Gray,Ashplant,gashplant7g@google.com.au,688-227-6887,Lyca,Instagram,Iphone
267,Shelba,Debenham,sdebenham7h@google.ru,429-691-6552,Comcast,Instagram,Iphone
268,Luci,Cockland,lcockland7i@rakuten.co.jp,825-655-9772,T-Mobile,Facebook,Android
269,Fiann,Twyning,ftwyning7j@blogger.com,839-532-2415,Lyca,Banner Ads,Iphone
270,Siouxie,Gartin,sgartin7k@redcross.org,955-631-8817,Sprint,Instagram,Android
271,Elden,Fruchon,efruchon7l@weather.com,674-255-0006,T-Mobile,Hoardings,Android
272,Antonetta,Finders,afinders7m@e-recht24.de,966-713-1415,AT&T,Hoardings,Android
273,Danell,Grzelewski,dgrzelewski7n@usa.gov,761-386-9827,AT&T,Facebook,Iphone
274,Emelda,Truscott,etruscott7o@plala.or.jp,900-806-8714,AT&T,Hoardings,Android
275,Ketty,Doonican,kdoonican7p@xinhuanet.com,498-501-8144,Comcast,Facebook,Iphone
276,Patsy,Schwandermann,pschwandermann7q@liveinternet.ru,258-892-0127,Verizon,Banner Ads,Iphone
277,Ashien,Kulvear,akulvear7r@privacy.gov.au,722-601-4603,Sprint,Instagram,Iphone
278,Jon,Laste,jlaste7s@bloglines.com,164-219-7256,Sprint,Instagram,Android
279,Grove,Seely,gseely7t@cloudflare.com,600-752-1999,Comcast,Instagram,Android
280,Field,Wrathmell,fwrathmell7u@go.com,447-140-5561,Comcast,Banner Ads,Android
281,Arnold,Russe,arusse7v@blogspot.com,167-784-6064,Comcast,Hoardings,Iphone
282,Nealon,Jira,njira7w@amazonaws.com,720-899-3099,Lyca,Facebook,Iphone
283,Edith,Morkham,emorkham7x@yandex.ru,190-723-3158,Comcast,Instagram,Android
284,Ealasaid,Van Son,evanson7y@php.net,650-587-9180,Lyca,Hoardings,Android
285,Hurlee,Reimers,hreimers7z@diigo.com,290-515-6309,Lyca,Instagram,Android
286,Tirrell,Hensmans,thensmans80@yahoo.co.jp,980-897-5789,Sprint,Banner Ads,Iphone
287,Betta,Renehan,brenehan81@g.co,414-816-5572,Sprint,Hoardings,Iphone
288,Moore,Wigan,mwigan82@techcrunch.com,152-720-4249,Comcast,Banner Ads,Android
289,Delainey,Bustin,dbustin83@dagondesign.com,167-228-3931,Lyca,Hoardings,Android
290,Archaimbaud,Batcheldor,abatcheldor84@multiply.com,606-121-3814,Lyca,Banner Ads,Iphone
291,Georgena,Le Gassick,glegassick85@gmpg.org,836-758-4884,T-Mobile,Hoardings,Android
292,Chadwick,Slessor,cslessor86@cargocollective.com,365-811-2750,Lyca,Hoardings,Iphone
293,Worthy,Kaming,wkaming87@seattletimes.com,328-735-6616,Lyca,Banner Ads,Android
294,Terrill,Grimmett,tgrimmett88@disqus.com,991-421-2971,AT&T,Banner Ads,Iphone
295,Malva,Olsen,molsen89@craigslist.org,889-437-5345,T-Mobile,Hoardings,Iphone
296,Nikolos,Harmeston,nharmeston8a@businesswire.com,470-596-4290,AT&T,Instagram,Android
297,Scarlett,Suart,ssuart8b@loc.gov,279-621-8043,Sprint,Instagram,Android
298,Silvia,Dorney,sdorney8c@e-recht24.de,337-104-9338,Sprint,Facebook,Android
299,Brett,Wilflinger,bwilflinger8d@sciencedirect.com,582-277-2473,T-Mobile,Hoardings,Iphone
300,Carissa,Litterick,clitterick8e@cmu.edu,544-801-9320,AT&T,Banner Ads,Iphone
301,Carolann,Ruecastle,cruecastle8f@tripadvisor.com,664-641-4879,Verizon,Banner Ads,Android
302,Candida,Father,cfather8g@nytimes.com,176-870-2863,Sprint,Facebook,Android
303,Carlotta,Toderini,ctoderini8h@netvibes.com,998-585-8830,Verizon,Instagram,Iphone
304,Chase,Orteau,corteau8i@usnews.com,655-375-5130,T-Mobile,Banner Ads,Android
305,Gwenette,O'Scannill,goscannill8j@amazonaws.com,672-298-1379,T-Mobile,Facebook,Android
306,Geordie,Stot,gstot8k@go.com,556-628-7191,Verizon,Hoardings,Iphone
307,Paddy,Withers,pwithers8l@google.com.br,562-465-8903,Comcast,Facebook,Iphone
308,Dollie,Jeens,djeens8m@fastcompany.com,923-658-1867,Comcast,Facebook,Iphone
309,Lena,Belton,lbelton8n@ebay.com,163-140-1891,Lyca,Hoardings,Iphone
310,Sigmund,Rapps,srapps8o@icio.us,136-326-3524,Sprint,Banner Ads,Iphone
311,Harli,Beseke,hbeseke8p@cargocollective.com,448-450-2575,T-Mobile,Hoardings,Android
312,Mike,Goosey,mgoosey8q@trellian.com,411-815-7967,T-Mobile,Instagram,Android
313,Kimbra,Aleso,kaleso8r@dot.gov,692-323-5374,Comcast,Facebook,Iphone
314,Lanae,Millichip,lmillichip8s@imageshack.us,178-942-5561,Comcast,Hoardings,Iphone
315,Wallis,Gallatly,wgallatly8t@craigslist.org,561-454-7449,Sprint,Instagram,Android
316,Naoma,Brute,nbrute8u@forbes.com,900-496-6640,Lyca,Facebook,Android
317,Shea,Finnie,sfinnie8v@google.pl,791-366-8477,AT&T,Banner Ads,Iphone
318,Layton,Skirrow,lskirrow8w@webeden.co.uk,747-472-4581,Lyca,Instagram,Android
319,Felike,Niblock,fniblock8x@ucoz.ru,980-908-9697,Sprint,Facebook,Iphone
320,Marje,Blasiak,mblasiak8y@netscape.com,684-785-2992,Sprint,Instagram,Android
321,Lynne,Petherick,lpetherick8z@ucsd.edu,978-455-6934,AT&T,Hoardings,Android
322,Orlando,Coleridge,ocoleridge90@unblog.fr,770-365-2047,T-Mobile,Instagram,Android
323,Marti,Wedmore.,mwedmore91@behance.net,608-908-1339,Lyca,Hoardings,Iphone
324,Erastus,Tudbald,etudbald92@ask.com,115-848-7363,Verizon,Banner Ads,Android
325,Kirsten,Swalough,kswalough93@dagondesign.com,900-288-0982,Comcast,Instagram,Iphone
326,Melosa,Nafziger,mnafziger94@redcross.org,483-955-7202,AT&T,Facebook,Android
327,Baird,M'Chirrie,bmchirrie95@mayoclinic.com,150-300-8711,Sprint,Banner Ads,Android
328,Ford,Place,fplace96@google.it,232-874-7130,AT&T,Facebook,Android
329,Lorenza,Jenkison,ljenkison97@g.co,685-428-9403,Sprint,Banner Ads,Android
330,Mile,Petyakov,mpetyakov98@opera.com,479-521-3026,Sprint,Banner Ads,Iphone
331,Salli,Gresswell,sgresswell99@jalbum.net,158-663-5450,Sprint,Instagram,Iphone
332,Kenyon,Da Costa,kdacosta9a@free.fr,552-348-8543,Comcast,Banner Ads,Iphone
333,Harriot,McWilliams,hmcwilliams9b@statcounter.com,532-899-3956,Verizon,Hoardings,Android
334,Georgiana,Bediss,gbediss9c@google.co.uk,240-915-3924,T-Mobile,Facebook,Iphone
335,Bree,Leckenby,bleckenby9d@infoseek.co.jp,641-388-0974,T-Mobile,Hoardings,Iphone
336,Annie,Janik,ajanik9e@apple.com,617-774-1240,AT&T,Facebook,Iphone
337,Sherline,Harce,sharce9f@twitpic.com,903-321-0077,Comcast,Hoardings,Android
338,Oberon,Quinsee,oquinsee9g@columbia.edu,674-317-1160,Sprint,Banner Ads,Android
339,Durand,Gorton,dgorton9h@youtube.com,668-406-9062,Verizon,Hoardings,Android
340,Gizela,Nowlan,gnowlan9i@patch.com,929-820-1886,Comcast,Banner Ads,Iphone
341,Milissent,Plunkett,mplunkett9j@sohu.com,416-871-9154,Sprint,Hoardings,Iphone
342,Arv,Muneely,amuneely9k@barnesandnoble.com,808-719-4786,Sprint,Hoardings,Android
343,Ferguson,Tamlett,ftamlett9l@google.ru,211-617-0973,AT&T,Facebook,Iphone
344,Hashim,Nussii,hnussii9m@dailymotion.com,430-117-2621,Verizon,Instagram,Android
345,Marjy,Syson,msyson9n@mysql.com,966-285-7278,T-Mobile,Facebook,Iphone
346,Marybeth,Coase,mcoase9o@nymag.com,484-420-6960,AT&T,Banner Ads,Android
347,Katina,Booler,kbooler9p@imdb.com,187-781-9778,Sprint,Banner Ads,Iphone
348,Darbie,Ferrarese,dferrarese9q@nydailynews.com,997-384-7967,AT&T,Facebook,Android
349,Zia,Anthona,zanthona9r@rakuten.co.jp,780-453-4458,T-Mobile,Instagram,Iphone
350,Arabel,Griffen,agriffen9s@nps.gov,715-361-9158,Lyca,Banner Ads,Android
351,Marcellus,Fusco,mfusco9t@apple.com,951-987-1965,Comcast,Instagram,Android
352,Albertine,Growcock,agrowcock9u@google.it,445-194-7581,Sprint,Instagram,Android
353,Briano,Hendrickx,bhendrickx9v@cdbaby.com,795-480-7922,T-Mobile,Hoardings,Iphone
354,Ransom,Gouldsmith,rgouldsmith9w@de.vu,644-294-2949,Comcast,Hoardings,Iphone
355,Magdaia,Jirieck,mjirieck9x@wired.com,209-204-2395,Sprint,Hoardings,Iphone
356,Horton,Molohan,hmolohan9y@eventbrite.com,825-334-4416,Verizon,Banner Ads,Android
357,Hanni,Stranger,hstranger9z@bloglines.com,837-230-8223,Comcast,Facebook,Iphone
358,Wittie,Gregr,wgregra0@is.gd,919-800-1588,Verizon,Banner Ads,Iphone
359,Aurlie,Wyke,awykea1@usatoday.com,946-772-2283,Verizon,Hoardings,Android
360,Buiron,Coffey,bcoffeya2@ow.ly,437-807-6570,Comcast,Instagram,Android
361,Darby,Cullum,dculluma3@google.de,287-758-2466,Sprint,Banner Ads,Iphone
362,Dasya,Brandassi,dbrandassia4@census.gov,399-101-1851,AT&T,Instagram,Android
363,Bethena,Cromly,bcromlya5@shop-pro.jp,900-746-2517,Lyca,Hoardings,Android
364,Sonya,Carreyette,scarreyettea6@prnewswire.com,652-156-5845,Lyca,Facebook,Android
365,Prue,Snelgrove,psnelgrovea7@engadget.com,545-209-7599,Sprint,Facebook,Android
366,Jerrie,Hackney,jhackneya8@nifty.com,294-102-5014,AT&T,Instagram,Android
367,Worthy,Commusso,wcommussoa9@a8.net,639-377-5040,Comcast,Hoardings,Android
368,Talia,Patnelli,tpatnelliaa@ycombinator.com,696-131-5715,Verizon,Instagram,Android
369,Dinah,McMyler,dmcmylerab@webnode.com,768-268-9385,AT&T,Facebook,Iphone
370,Uriel,Bachshell,ubachshellac@storify.com,467-808-1801,AT&T,Hoardings,Android
371,Morganica,Ghiron,mghironae@surveymonkey.com,384-203-2736,Lyca,Hoardings,Iphone
372,Dolorita,Main,dmainag@ow.ly,664-192-1445,Lyca,Facebook,Android
373,Garrick,MacAndie,gmacandieah@google.es,802-812-4194,Verizon,Hoardings,Android
374,Raquel,Tocqueville,rtocquevilleai@seattletimes.com,265-317-2268,AT&T,Banner Ads,Iphone
375,Laney,Gasnell,lgasnellaj@elegantthemes.com,139-813-7998,Comcast,Facebook,Iphone
376,Sonnie,Jeffcoat,sjeffcoatak@psu.edu,173-462-0197,Sprint,Facebook,Android
377,Estelle,Edlyne,eedlyneal@umich.edu,449-135-9450,Lyca,Banner Ads,Iphone
378,Ara,Eefting,aeeftingam@sbwire.com,887-834-3165,Verizon,Hoardings,Android
379,Truda,Chrispin,tchrispinan@youtube.com,315-118-9203,T-Mobile,Facebook,Iphone
380,Ardeen,Binnell,abinnellao@ovh.net,110-393-3672,T-Mobile,Hoardings,Iphone
381,Clim,Chitham,cchithamap@purevolume.com,473-892-3564,T-Mobile,Banner Ads,Iphone
382,Tova,McDougle,tmcdougleaq@chronoengine.com,967-736-9635,AT&T,Facebook,Iphone
383,Bertine,Jandourek,bjandourekar@arizona.edu,189-378-9925,Lyca,Instagram,Iphone
384,Kellina,Itskovitz,kitskovitzas@cocolog-nifty.com,765-239-2055,Verizon,Instagram,Android
385,Emmet,Maureen,emaureenat@woothemes.com,864-534-8315,Sprint,Banner Ads,Android
386,Johannah,Tewnion,jtewnionau@wordpress.com,667-788-5283,T-Mobile,Facebook,Android
387,Maggie,Winnett,mwinnettav@umich.edu,582-370-7521,Lyca,Banner Ads,Android
388,Jasmine,Dorant,jdorantaw@craigslist.org,842-734-8372,Lyca,Facebook,Iphone
389,Berty,Codlin,bcodlinax@springer.com,405-276-8431,Comcast,Instagram,Android
390,Ardath,Chipping,achippingay@nymag.com,673-539-1712,Comcast,Banner Ads,Iphone
391,Robbie,Gallaher,rgallaheraz@umich.edu,946-787-6750,Lyca,Instagram,Iphone
392,Fabiano,Hawk,fhawkb0@technorati.com,243-801-3870,T-Mobile,Hoardings,Android
393,Boone,Liddle,bliddleb1@youku.com,940-308-5143,Verizon,Banner Ads,Iphone
394,Buddie,Lemmen,blemmenb2@friendfeed.com,205-889-9838,Sprint,Hoardings,Iphone
395,Christoper,Kippax,ckippaxb3@craigslist.org,304-776-5724,T-Mobile,Hoardings,Android
396,Nell,Necolds,nnecoldsb4@squidoo.com,554-160-9264,Lyca,Facebook,Iphone
397,Zondra,Eberle,zeberleb5@printfriendly.com,715-397-0852,Lyca,Facebook,Android
398,Matelda,Paolotto,mpaolottob6@blogger.com,905-179-6792,Lyca,Facebook,Android
399,Robbin,Yerrell,ryerrellb7@photobucket.com,268-237-6268,Comcast,Hoardings,Android
400,Lebbie,Smoote,lsmooteb8@elpais.com,396-340-6070,Lyca,Facebook,Android
401,Osgood,Baulk,obaulkb9@sciencedirect.com,555-293-7223,Lyca,Facebook,Android
402,Ruggiero,Ionnidis,rionnidisba@aol.com,287-891-0509,Comcast,Facebook,Iphone
403,Justin,McTeer,jmcteerbb@sourceforge.net,857-173-6068,AT&T,Facebook,Android
404,Julee,Fidler,jfidlerbc@seattletimes.com,236-724-2933,Verizon,Facebook,Iphone
405,Cami,Beetham,cbeethambd@ibm.com,531-197-3252,Comcast,Hoardings,Android
406,Garold,Boothroyd,gboothroydbe@aboutads.info,724-865-7550,Comcast,Hoardings,Android
407,Gallagher,Brenston,gbrenstonbf@phpbb.com,603-654-2541,Sprint,Facebook,Android
408,Catharina,Lapish,clapishbg@army.mil,224-846-4006,AT&T,Banner Ads,Android
409,Svend,Burrus,sburrusbh@pagesperso-orange.fr,212-707-2261,Lyca,Hoardings,Android
410,Virge,Kiff,vkiffbi@twitpic.com,911-484-4201,AT&T,Hoardings,Iphone
411,Carmel,Ashwell,cashwellbj@foxnews.com,512-854-4445,AT&T,Banner Ads,Iphone
412,Amery,Di Domenico,adidomenicobk@last.fm,126-429-6574,Sprint,Banner Ads,Android
413,Alaster,Bowlas,abowlasbl@howstuffworks.com,954-521-6981,Comcast,Facebook,Android
414,Francoise,Grint,fgrintbm@netvibes.com,236-109-0510,Comcast,Facebook,Android
415,Joline,Bartlomieczak,jbartlomieczakbn@flavors.me,189-584-3384,Lyca,Facebook,Android
416,Verge,Ingrem,vingrembo@sciencedirect.com,440-287-7232,T-Mobile,Instagram,Iphone
417,Hermie,Hannaby,hhannabybp@senate.gov,860-950-7884,Lyca,Hoardings,Iphone
418,Anna-maria,Cresswell,acresswellbq@webeden.co.uk,359-893-8910,Lyca,Hoardings,Android
419,Anthia,Usher,ausherbr@wunderground.com,516-107-8753,Lyca,Instagram,Android
420,Lora,Canty,lcantybs@ox.ac.uk,900-632-0616,Comcast,Facebook,Iphone
421,Wolfgang,Apted,waptedbt@cisco.com,683-712-2484,Lyca,Facebook,Android
422,Cathie,Barhems,cbarhemsbu@blinklist.com,559-337-1892,Verizon,Facebook,Android
423,Derk,Hanbridge,dhanbridgebv@thetimes.co.uk,411-913-7239,Lyca,Facebook,Android
424,Gretel,Major,gmajorbw@yellowbook.com,599-756-9638,Lyca,Banner Ads,Android
425,Eimile,Dusting,edustingbx@mail.ru,299-801-6341,AT&T,Banner Ads,Iphone
426,Gussie,Steart,gsteartby@fema.gov,381-995-4559,Lyca,Instagram,Android
427,Cary,Jess,cjessbz@economist.com,483-585-5839,Lyca,Banner Ads,Android
428,Marielle,Orritt,morrittc0@unesco.org,973-592-3784,T-Mobile,Facebook,Android
429,Candi,Whorlton,cwhorltonc1@cocolog-nifty.com,257-741-1641,Comcast,Banner Ads,Iphone
430,Gothart,Claypole,gclaypolec2@ca.gov,877-896-7630,T-Mobile,Hoardings,Android
431,Tally,Olechnowicz,tolechnowiczc3@ebay.co.uk,417-376-0079,Sprint,Banner Ads,Iphone
432,Chandal,Betke,cbetkec4@example.com,205-397-0389,AT&T,Hoardings,Iphone
433,Ilse,Earnshaw,iearnshawc5@discuz.net,608-957-6705,T-Mobile,Instagram,Android
434,Fielding,Jodkowski,fjodkowskic6@icio.us,128-315-9886,Verizon,Instagram,Android
435,Briano,Heam,bheamc7@hexun.com,197-326-4047,AT&T,Banner Ads,Android
436,Fidelity,Gantzman,fgantzmanc8@yale.edu,574-991-2040,Lyca,Banner Ads,Android
437,Theressa,Thackray,tthackrayc9@meetup.com,653-688-5141,Verizon,Instagram,Iphone
438,Mikol,Floweth,mflowethca@howstuffworks.com,974-241-9441,Comcast,Banner Ads,Android
439,Britney,Troillet,btroilletcb@is.gd,596-779-3559,Comcast,Facebook,Android
440,Che,Greggersen,cgreggersencc@sciencedirect.com,302-231-2781,Sprint,Facebook,Android
441,Ravid,Caslin,rcaslincd@skype.com,403-629-4789,AT&T,Instagram,Android
442,Corissa,Infante,cinfantece@list-manage.com,404-559-6554,T-Mobile,Instagram,Android
443,Dennison,Halshaw,dhalshawcf@blogspot.com,396-218-0125,Verizon,Instagram,Iphone
444,Silvia,Burberow,sburberowcg@yale.edu,723-930-9528,Comcast,Facebook,Android
445,Elonore,Livens,elivensch@paginegialle.it,135-131-6544,Verizon,Banner Ads,Iphone
446,Easter,Ramstead,eramsteadci@businesswire.com,504-711-0536,AT&T,Hoardings,Android
447,Irvine,Simla,isimlacj@forbes.com,413-623-9486,Lyca,Banner Ads,Android
448,Joni,Astbury,jastburyck@home.pl,941-506-7665,Sprint,Instagram,Iphone
449,Jen,Moult,jmoultcl@ebay.co.uk,673-348-7527,Verizon,Hoardings,Android
450,Vernon,Tonbye,vtonbyecm@sogou.com,739-791-9585,Lyca,Facebook,Android
451,Abbie,Dunsmuir,adunsmuircn@redcross.org,758-712-0184,Verizon,Hoardings,Iphone
452,Nari,Itzcovichch,nitzcovichchco@spiegel.de,520-544-4816,T-Mobile,Banner Ads,Iphone
453,Iggy,Rubury,iruburycp@comsenz.com,121-951-1980,Lyca,Instagram,Iphone
454,Kordula,Gockelen,kgockelencq@cyberchimps.com,113-443-3513,Verizon,Hoardings,Iphone
455,Arron,Blamire,ablamirecr@seattletimes.com,781-849-3464,Verizon,Hoardings,Android
456,Ginnifer,Casiero,gcasierocs@comsenz.com,660-697-8692,Lyca,Facebook,Android
457,Kelby,Livingstone,klivingstonect@wired.com,404-532-2083,Sprint,Hoardings,Android
458,Kameko,Bentje,kbentjecu@paginegialle.it,172-130-3059,Lyca,Facebook,Android
459,Bernice,Quiddinton,bquiddintoncv@spiegel.de,773-840-6900,Lyca,Instagram,Android
460,Olimpia,Bartolomeotti,obartolomeotticw@netvibes.com,380-473-1576,Verizon,Facebook,Android
461,Faith,Denerley,fdenerleycx@squarespace.com,636-391-7656,Sprint,Facebook,Android
462,Irita,Ellul,iellulcy@people.com.cn,436-134-8843,Lyca,Instagram,Iphone
463,Nonna,Beavors,nbeavorscz@ftc.gov,741-323-5452,Sprint,Hoardings,Android
464,Raine,Guiett,rguiettd0@umn.edu,590-327-5022,Comcast,Banner Ads,Android
465,Carla,Seamarke,cseamarked1@addtoany.com,710-421-8657,Verizon,Hoardings,Iphone
466,Oriana,Dimeloe,odimeloed2@51.la,777-419-0171,AT&T,Facebook,Iphone
467,Reube,Hatry,rhatryd3@blog.com,936-433-7048,Comcast,Facebook,Iphone
468,Lauren,Sydry,lsydryd4@mail.ru,889-452-3337,Comcast,Hoardings,Android
469,Roseann,Knowling,rknowlingd5@exblog.jp,438-813-6603,T-Mobile,Hoardings,Android
470,Ambrosio,Rubes,arubesd6@bluehost.com,903-589-3462,AT&T,Hoardings,Android
471,Shae,Geerdts,sgeerdtsd7@hibu.com,344-171-7502,AT&T,Hoardings,Android
472,Livia,Ballin,lballind8@ow.ly,273-697-3284,AT&T,Facebook,Android
473,Roselia,Skynner,rskynnerd9@meetup.com,235-173-2590,AT&T,Instagram,Android
474,Honey,Tydeman,htydemanda@weather.com,810-861-0438,Sprint,Instagram,Iphone
475,Jewell,Kingswood,jkingswooddb@amazon.com,876-325-5084,Comcast,Facebook,Android
476,Honor,Garstan,hgarstandc@topsy.com,709-931-0208,Sprint,Facebook,Android
477,Bryce,Matts,bmattsdd@printfriendly.com,380-397-7726,T-Mobile,Hoardings,Iphone
478,Zebedee,Fletcher,zfletcherde@webs.com,269-382-4160,Lyca,Banner Ads,Android
479,Niki,Bavester,nbavesterdf@fastcompany.com,569-556-2184,Sprint,Banner Ads,Iphone
480,Bette-ann,Scutching,bscutchingdg@bandcamp.com,820-588-5153,AT&T,Facebook,Android
481,Konstantin,Mitchener,kmitchenerdh@businessinsider.com,682-226-6427,AT&T,Instagram,Iphone
482,Joellyn,Clayhill,jclayhilldi@cornell.edu,296-623-5654,Lyca,Facebook,Iphone
483,Bettina,Balharry,bbalharrydj@ezinearticles.com,268-938-8971,Verizon,Banner Ads,Android
484,Jacquelynn,Housaman,jhousamandk@webs.com,160-620-7596,Lyca,Instagram,Android
485,Gerald,Francomb,gfrancombdl@theguardian.com,873-211-5047,Lyca,Facebook,Iphone
486,Clementius,Eley,celeydm@amazonaws.com,524-716-5124,T-Mobile,Facebook,Iphone
487,Rosemary,Keyhoe,rkeyhoedn@themeforest.net,273-679-7048,T-Mobile,Facebook,Android
488,Wallace,Westbrook,wwestbrookdo@techcrunch.com,144-541-4240,Comcast,Facebook,Iphone
489,Jeni,Baldree,jbaldreedp@e-recht24.de,815-313-4636,Sprint,Instagram,Android
490,Huntley,Dewes,hdewesdq@ask.com,538-302-6511,Sprint,Hoardings,Android
491,Gayelord,Staff,gstaffdr@mozilla.org,320-110-8123,Comcast,Instagram,Iphone
492,Georgina,Hollingby,ghollingbyds@a8.net,169-467-4166,T-Mobile,Hoardings,Android
493,Rona,Brunnen,rbrunnendt@icq.com,671-244-0537,Verizon,Facebook,Iphone
494,Sapphira,Troth,strothdu@nps.gov,320-429-9280,Sprint,Instagram,Iphone
495,Lorie,Shilstone,lshilstonedv@jalbum.net,505-552-6735,Comcast,Banner Ads,Iphone
496,Bianka,Bjerkan,bbjerkandw@eventbrite.com,443-968-8048,Lyca,Banner Ads,Iphone
497,Kerrill,Hendrik,khendrikdx@gov.uk,944-572-9355,Sprint,Hoardings,Iphone
498,Reider,Felder,rfelderdy@booking.com,500-938-2412,AT&T,Instagram,Android
499,Alisun,Chrystal,achrystaldz@quantcast.com,865-210-6922,AT&T,Facebook,Android
500,Olivia,Gelsthorpe,ogelsthorpee0@sciencedirect.com,766-102-1071,Verizon,Hoardings,Android
501,Harri,Wistance,hwistancee1@google.es,960-624-6654,AT&T,Banner Ads,Iphone
502,Joela,Bruhnsen,jbruhnsene2@elpais.com,281-149-7011,AT&T,Facebook,Iphone
503,Brigida,Gleasane,bgleasanee3@arstechnica.com,898-268-4769,Verizon,Banner Ads,Iphone
504,Erl,Gladdis,egladdise4@51.la,285-267-6487,AT&T,Instagram,Iphone
505,Annnora,Castella,acastellae5@ucoz.com,270-150-9077,Lyca,Instagram,Iphone
506,Wilie,Drought,wdroughte6@e-recht24.de,123-938-2201,Comcast,Hoardings,Android
507,Nahum,Sutterfield,nsutterfielde7@indiegogo.com,884-238-4581,Verizon,Banner Ads,Iphone
508,Sarina,Gernier,sgerniere8@usnews.com,448-224-3526,Lyca,Facebook,Android
509,Celinda,Coling,ccolinge9@goo.gl,799-478-8481,Lyca,Instagram,Iphone
510,Mayer,Rimour,mrimourea@diigo.com,378-869-7407,AT&T,Instagram,Android
511,Melesa,Vorley,mvorleyeb@phpbb.com,881-400-3213,Lyca,Hoardings,Android
512,Melamie,Concannon,mconcannonec@sohu.com,138-945-7545,T-Mobile,Banner Ads,Android
513,Lynnet,Bowdrey,lbowdreyed@squarespace.com,664-966-4035,AT&T,Facebook,Android
514,Byrann,Sarra,bsarraee@livejournal.com,551-899-0435,T-Mobile,Instagram,Android
515,Stephana,Alliban,sallibanef@altervista.org,912-508-0485,Verizon,Facebook,Android
516,Edita,Showler,eshowlereg@howstuffworks.com,360-250-4872,Sprint,Banner Ads,Android
517,Traver,Tilliard,ttilliardeh@ihg.com,219-485-8394,Comcast,Facebook,Android
518,Berkley,Agdahl,bagdahlei@xrea.com,677-723-6189,Sprint,Banner Ads,Iphone
519,Sal,Oldam,soldamej@princeton.edu,936-343-1958,Sprint,Facebook,Android
520,Dolli,Nudd,dnuddek@photobucket.com,783-197-2232,AT&T,Hoardings,Iphone
521,Joelly,Melluish,jmelluishel@house.gov,224-569-9156,AT&T,Facebook,Android
522,Martica,Spore,msporeem@abc.net.au,478-101-0291,T-Mobile,Instagram,Iphone
523,Susan,McCreadie,smccreadieen@seesaa.net,281-991-5081,T-Mobile,Hoardings,Iphone
524,Shalne,Tatum,statumeo@homestead.com,237-294-6860,T-Mobile,Instagram,Android
525,Clari,Hendrick,chendrickep@sciencedirect.com,455-585-8529,AT&T,Hoardings,Android
526,Svend,Growden,sgrowdeneq@reverbnation.com,185-870-4841,Lyca,Hoardings,Android
527,Amalea,Flobert,afloberter@geocities.jp,761-301-5214,Lyca,Facebook,Android
528,Guendolen,Stockey,gstockeyes@yahoo.com,961-190-1816,Lyca,Instagram,Android
529,Red,Randal,rrandalet@google.es,783-327-7975,Sprint,Facebook,Android
530,Ermina,Bielfeld,ebielfeldeu@youtu.be,408-822-7377,Sprint,Banner Ads,Android
531,Manfred,Kennelly,mkennellyev@china.com.cn,463-110-7949,Comcast,Banner Ads,Iphone
532,Winnifred,Strode,wstrodeew@smh.com.au,465-106-3974,Verizon,Facebook,Android
533,Myrtle,Yorston,myorstonex@amazon.com,487-477-6019,AT&T,Facebook,Android
534,Jodi,Traher,jtraherey@statcounter.com,920-197-2555,Sprint,Banner Ads,Android
535,Hephzibah,Vedenisov,hvedenisovez@shutterfly.com,293-167-8727,Verizon,Facebook,Iphone
536,Toddy,Forrestall,tforrestallf0@xing.com,918-826-4213,AT&T,Hoardings,Android
537,Emmerich,Prowting,eprowtingf1@noaa.gov,254-245-1337,Verizon,Banner Ads,Iphone
538,Harris,Skeath,hskeathf2@wikia.com,588-301-4902,Comcast,Hoardings,Iphone
539,Dorothy,Klicher,dklicherf3@unicef.org,863-593-3297,AT&T,Banner Ads,Android
540,Rochette,Leipnik,rleipnikf4@sohu.com,264-173-0592,Verizon,Banner Ads,Android
541,Arielle,Heinke,aheinkef5@github.io,666-627-6558,Verizon,Banner Ads,Iphone
542,Job,Poyser,jpoyserf6@yellowbook.com,195-918-0746,Verizon,Facebook,Iphone
543,Ringo,Chazerand,rchazerandf7@xrea.com,184-717-3744,Sprint,Instagram,Android
544,Lucine,Kimbrey,lkimbreyf8@free.fr,190-981-2042,Verizon,Facebook,Android
545,Waylon,Redit,wreditf9@qq.com,162-494-7685,Comcast,Facebook,Android
546,Evelin,Dorset,edorsetfa@acquirethisname.com,210-143-9007,Sprint,Facebook,Iphone
547,Byron,Wagge,bwaggefb@arstechnica.com,907-428-2011,Comcast,Banner Ads,Iphone
548,Cosette,Rodd,croddfc@europa.eu,579-145-5626,Sprint,Hoardings,Iphone
549,Johnny,Kellaway,jkellawayfd@unblog.fr,666-853-7169,Lyca,Hoardings,Android
550,Ellyn,Yakovlev,eyakovlevfe@cloudflare.com,332-753-5512,Sprint,Hoardings,Android
551,Zora,Adrianello,zadrianelloff@ning.com,251-678-8890,Verizon,Banner Ads,Android
552,Payton,Coen,pcoenfg@eepurl.com,949-556-4053,T-Mobile,Hoardings,Iphone
553,Marilin,Arpe,marpefh@marketwatch.com,634-944-7472,Sprint,Instagram,Iphone
554,Hersh,Inold,hinoldfi@123-reg.co.uk,736-220-7951,Comcast,Hoardings,Iphone
555,Brendon,Hamsley,bhamsleyfj@google.ru,996-351-7520,Comcast,Banner Ads,Iphone
556,Townie,Jandak,tjandakfk@huffingtonpost.com,317-251-9068,Sprint,Banner Ads,Iphone
557,Ilse,Martell,imartellfl@vkontakte.ru,125-216-0824,T-Mobile,Banner Ads,Android
558,Brittan,Bock,bbockfm@whitehouse.gov,127-337-7579,T-Mobile,Instagram,Iphone
559,Avictor,McGawn,amcgawnfn@geocities.jp,177-120-0866,Sprint,Facebook,Android
560,Rafa,MacKartan,rmackartanfo@ed.gov,155-127-2606,T-Mobile,Banner Ads,Android
561,Carmelita,Haddleston,chaddlestonfp@shutterfly.com,698-210-0201,Lyca,Instagram,Android
562,Obadias,Tommis,otommisfq@mlb.com,299-516-9218,Sprint,Hoardings,Android
563,Vanya,Muge,vmugefr@amazon.co.uk,759-616-5923,Lyca,Hoardings,Iphone
564,Hedi,Aires,hairesfs@weather.com,223-264-2586,Sprint,Instagram,Android
565,Silvain,Truss,strussft@sina.com.cn,697-125-8833,Comcast,Banner Ads,Iphone
566,Arlen,Perin,aperinfu@vimeo.com,284-210-1413,Verizon,Facebook,Iphone
567,Denyse,Gallety,dgalletyfv@istockphoto.com,537-878-4797,Verizon,Banner Ads,Android
568,Caroljean,Butrimovich,cbutrimovichfw@cdbaby.com,873-390-7238,Verizon,Hoardings,Iphone
569,Orin,Arends,oarendsfx@chicagotribune.com,696-189-9778,AT&T,Banner Ads,Android
570,Pris,Pagel,ppagelfy@discovery.com,656-522-9372,Lyca,Instagram,Iphone
571,Gregg,Wannes,gwannesfz@slate.com,407-644-9910,Verizon,Instagram,Android
572,Melva,Navarre,mnavarreg0@ask.com,262-707-5674,AT&T,Hoardings,Android
573,Alyss,Pietraszek,apietraszekg1@archive.org,856-631-9500,Lyca,Banner Ads,Iphone
574,Drucy,Matson,dmatsong2@theglobeandmail.com,270-868-0297,Sprint,Hoardings,Iphone
575,Jenna,Townby,jtownbyg3@wix.com,217-596-9917,Verizon,Instagram,Iphone
576,Windy,MacSporran,wmacsporrang4@sakura.ne.jp,324-827-2207,Verizon,Hoardings,Android
577,Jordanna,Kaveney,jkaveneyg5@mac.com,408-789-0403,Sprint,Instagram,Iphone
578,Parker,Thwaites,pthwaitesg6@senate.gov,148-575-2896,T-Mobile,Instagram,Iphone
579,Astra,Copper,acopperg7@blog.com,141-550-8376,AT&T,Hoardings,Android
580,Dacie,Ferrillio,dferrilliog8@youtube.com,176-810-7220,Lyca,Facebook,Android
581,Ashil,Absolon,aabsolong9@netlog.com,285-155-9960,Verizon,Facebook,Iphone
582,Phil,Cannam,pcannamga@economist.com,238-783-6298,Verizon,Banner Ads,Android
583,Jacquelyn,Campione,jcampionegb@usatoday.com,126-969-7587,Sprint,Instagram,Iphone
584,Hadria,Oddie,hoddiegc@reddit.com,573-973-5430,Lyca,Hoardings,Iphone
585,Sergei,Towle,stowlegd@about.com,896-761-0542,Verizon,Facebook,Iphone
586,Ezekiel,Moorcroft,emoorcroftge@oakley.com,130-446-4834,Comcast,Instagram,Iphone
587,Clari,Hanmer,chanmergf@wordpress.org,493-413-5396,Sprint,Hoardings,Android
588,Clifford,Thornewill,cthornewillgg@addtoany.com,935-731-1680,Lyca,Banner Ads,Android
589,Cathie,Goolding,cgooldinggh@zimbio.com,674-883-0007,AT&T,Facebook,Iphone
590,Kerry,MacKeller,kmackellergi@mail.ru,912-789-6848,AT&T,Facebook,Iphone
591,Maje,Messom,mmessomgj@shop-pro.jp,747-117-1126,Lyca,Instagram,Iphone
592,Aindrea,Fittall,afittallgk@csmonitor.com,322-838-1462,AT&T,Instagram,Android
593,Cassy,Malzard,cmalzardgl@cnn.com,710-153-9959,Verizon,Banner Ads,Android
594,Ashley,Holstein,aholsteingm@symantec.com,142-594-2783,Verizon,Instagram,Android
595,Hilary,Swash,hswashgn@ucla.edu,462-620-4230,Sprint,Banner Ads,Iphone
596,Baxie,Sayle,bsaylego@house.gov,720-920-2655,Lyca,Instagram,Iphone
597,Joyce,Ginity,jginitygp@mayoclinic.com,509-127-9989,T-Mobile,Hoardings,Android
598,Vivi,Lissaman,vlissamangq@unesco.org,299-133-9071,Verizon,Facebook,Android
599,Lloyd,Iacovucci,liacovuccigr@ftc.gov,147-178-4319,T-Mobile,Banner Ads,Android
600,Tucky,Miall,tmiallgs@shinystat.com,731-397-0410,Sprint,Facebook,Iphone
601,Brandtr,Churchman,bchurchmangt@prnewswire.com,588-325-4886,AT&T,Banner Ads,Android
602,Fianna,McFie,fmcfiegu@gnu.org,341-669-0626,Sprint,Instagram,Iphone
603,Kathye,Cortez,kcortezgv@guardian.co.uk,707-664-2882,T-Mobile,Facebook,Iphone
604,Elmira,Gilhool,egilhoolgw@unc.edu,629-754-8386,T-Mobile,Facebook,Iphone
605,Freddy,Bristo,fbristogx@hugedomains.com,607-943-6959,AT&T,Banner Ads,Android
606,Marylin,Smaling,msmalinggy@etsy.com,747-948-1666,Lyca,Facebook,Iphone
607,Marylynne,Burgane,mburganegz@dailymotion.com,776-488-5499,Comcast,Banner Ads,Iphone
608,Sergio,Bell,sbellh0@infoseek.co.jp,451-863-3744,Comcast,Facebook,Android
609,Ronica,Scranney,rscranneyh1@unblog.fr,958-860-8494,Verizon,Banner Ads,Iphone
610,Wernher,Van der Son,wvandersonh2@cloudflare.com,587-236-2070,Comcast,Instagram,Iphone
611,Walther,Stannett,wstannetth3@globo.com,186-505-2380,T-Mobile,Instagram,Android
612,Laverna,Beade,lbeadeh4@china.com.cn,739-747-0667,Lyca,Facebook,Android
613,Philis,Ramsbottom,pramsbottomh5@dedecms.com,150-575-2248,T-Mobile,Instagram,Iphone
614,Annnora,Karpol,akarpolh6@scribd.com,456-824-5907,Comcast,Hoardings,Iphone
615,Francoise,Auten,fautenh7@intel.com,685-121-0934,Sprint,Instagram,Android
616,Ginny,Vacher,gvacherh8@bbb.org,816-467-9410,Sprint,Hoardings,Android
617,Kip,Seed,kseedh9@mozilla.org,487-979-6122,Verizon,Banner Ads,Iphone
618,Helaina,Swiggs,hswiggsha@acquirethisname.com,296-653-6906,Verizon,Banner Ads,Iphone
619,Isobel,Durnall,idurnallhb@cbsnews.com,832-891-5917,AT&T,Hoardings,Iphone
620,Gawain,Snassell,gsnassellhc@guardian.co.uk,694-736-2265,T-Mobile,Facebook,Android
621,Oswald,Bridgwood,obridgwoodhd@ovh.net,909-373-2822,Sprint,Instagram,Android
622,Sarene,Leates,sleateshe@seesaa.net,466-459-0366,Sprint,Instagram,Iphone
623,Allegra,Woloschin,awoloschinhf@wikimedia.org,341-417-2642,Verizon,Facebook,Android
624,Jacenta,Franceschelli,jfranceschellihg@blogtalkradio.com,586-301-6451,Verizon,Facebook,Android
625,Shanda,Antonomoli,santonomolihh@ted.com,907-970-3516,T-Mobile,Instagram,Android
626,Forbes,Bier,fbierhi@marriott.com,558-351-5025,T-Mobile,Hoardings,Iphone
627,Brady,Monan,bmonanhj@bbb.org,523-647-0903,Verizon,Hoardings,Iphone
628,Tracee,Treasaden,ttreasadenhk@de.vu,850-377-5137,Lyca,Instagram,Android
629,Kristofer,Cowlishaw,kcowlishawhl@army.mil,910-303-0462,AT&T,Facebook,Iphone
630,Lauren,Ree,lreehm@google.ca,316-228-0055,AT&T,Hoardings,Iphone
631,Tildie,Goff,tgoffhn@icio.us,944-169-2170,T-Mobile,Banner Ads,Iphone
632,Beatrix,Carhart,bcarhartho@woothemes.com,607-720-4773,Sprint,Hoardings,Iphone
633,Ketty,Twelves,ktwelveshp@loc.gov,299-927-7529,Sprint,Facebook,Iphone
634,Analise,Skippings,askippingshq@myspace.com,691-536-7280,AT&T,Facebook,Iphone
635,Page,Browell,pbrowellhr@umn.edu,986-726-2561,Sprint,Instagram,Android
636,Delly,Mazin,dmazinhs@hostgator.com,960-791-6253,Verizon,Banner Ads,Android
637,Maurene,Abramzon,mabramzonht@time.com,453-907-2186,Comcast,Facebook,Android
638,Jocelin,Aaronson,jaaronsonhu@dailymail.co.uk,314-376-8933,Comcast,Instagram,Iphone
639,Kylie,Erricker,kerrickerhv@timesonline.co.uk,574-873-3228,Sprint,Facebook,Iphone
640,Gaynor,Bridgestock,gbridgestockhw@scientificamerican.com,153-435-4516,T-Mobile,Hoardings,Android
641,Kienan,Luckwell,kluckwellhx@jalbum.net,323-228-4504,Verizon,Hoardings,Iphone
642,Susanna,Tombling,stomblinghy@dedecms.com,637-672-4687,Sprint,Instagram,Iphone
643,Nahum,Rainton,nraintonhz@shareasale.com,931-833-2586,Sprint,Banner Ads,Iphone
644,Quill,Shillaber,qshillaberi0@gravatar.com,417-884-1708,AT&T,Facebook,Iphone
645,Chic,Andrichak,candrichaki1@cafepress.com,387-645-7790,Sprint,Banner Ads,Android
646,Henriette,Bass,hbassi2@pen.io,536-514-2453,Sprint,Instagram,Iphone
647,Leela,Arnaudet,larnaudeti3@tiny.cc,256-783-4711,T-Mobile,Instagram,Android
648,Adolf,Bimrose,abimrosei4@drupal.org,498-403-4901,AT&T,Hoardings,Iphone
649,Lawry,Pridie,lpridiei5@imdb.com,184-243-0258,Verizon,Instagram,Android
650,Selle,GiacobbiniJacob,sgiacobbinijacobi6@about.com,605-378-8534,Comcast,Facebook,Iphone
651,Fleming,Dumbar,fdumbari7@craigslist.org,942-813-5597,Comcast,Hoardings,Android
652,Bertha,Whatson,bwhatsoni8@wisc.edu,881-718-3453,Sprint,Banner Ads,Android
653,Helaine,Biaggioli,hbiaggiolii9@photobucket.com,781-311-2319,AT&T,Facebook,Iphone
654,Dulsea,Carlile,dcarlileia@uiuc.edu,327-509-6821,Verizon,Hoardings,Iphone
655,Shanon,Scoone,sscooneib@nyu.edu,181-664-6047,Lyca,Banner Ads,Iphone
656,Sandra,Daintry,sdaintryic@multiply.com,882-634-5682,Lyca,Instagram,Android
657,Kelsy,Yousef,kyousefid@blogspot.com,711-340-1015,Sprint,Banner Ads,Android
658,Alphonse,Fielding,afieldingie@cdbaby.com,185-107-8701,AT&T,Instagram,Iphone
659,Charline,Perello,cperelloif@cbsnews.com,823-875-4877,Sprint,Banner Ads,Iphone
660,Annabelle,Longman,alongmanig@twitpic.com,386-617-2513,Sprint,Facebook,Iphone
661,Thacher,Doding,tdodingih@last.fm,838-798-0886,Verizon,Banner Ads,Android
662,Lionello,Marshall,lmarshallii@mail.ru,162-492-6216,Verizon,Instagram,Android
663,Terrel,Wase,twaseij@rambler.ru,885-175-6143,Comcast,Instagram,Iphone
664,Lishe,Andre,landreik@networksolutions.com,414-837-8425,Lyca,Banner Ads,Iphone
665,Maureene,Twiname,mtwinameil@unc.edu,546-394-1741,Verizon,Facebook,Iphone
666,Janela,Trahearn,jtrahearnim@angelfire.com,290-422-5899,AT&T,Banner Ads,Android
667,Mycah,Jacketts,mjackettsin@tuttocitta.it,748-185-6534,T-Mobile,Instagram,Iphone
668,Reeba,Yeiles,ryeilesio@businessweek.com,982-706-2431,Sprint,Hoardings,Android
669,Randy,Jarville,rjarvilleip@simplemachines.org,180-493-1500,AT&T,Banner Ads,Android
670,Petronia,Shaughnessy,pshaughnessyiq@acquirethisname.com,603-663-7272,Lyca,Facebook,Android
671,Gwyn,Cokly,gcoklyir@hexun.com,314-301-0238,AT&T,Banner Ads,Iphone
672,Corilla,Dacke,cdackeis@bravesites.com,321-749-8403,Sprint,Hoardings,Android
673,Sophi,Eustice,seusticeit@icq.com,896-884-8657,T-Mobile,Instagram,Iphone
674,Kenyon,Girardengo,kgirardengoiu@walmart.com,915-635-2174,Verizon,Banner Ads,Iphone
675,Pauly,Mc Meekan,pmcmeekaniv@cnet.com,206-758-4957,Sprint,Facebook,Iphone
676,Ofilia,Inde,oindeiw@deviantart.com,225-263-0149,T-Mobile,Instagram,Android
677,Orsa,Seccombe,oseccombeix@imdb.com,325-918-6077,Comcast,Hoardings,Iphone
678,Harriott,Lofts,hloftsiy@prweb.com,560-852-2261,Sprint,Hoardings,Iphone
679,Mab,Bockett,mbockettiz@ycombinator.com,768-836-6583,Lyca,Hoardings,Android
680,Markus,Tassell,mtassellj0@cocolog-nifty.com,647-447-4457,Comcast,Hoardings,Iphone
681,Charline,Ravenhills,cravenhillsj1@huffingtonpost.com,925-752-1341,Lyca,Facebook,Android
682,Dewain,Van Vuuren,dvanvuurenj2@gmpg.org,552-493-0784,Verizon,Hoardings,Android
683,Clevey,Honisch,chonischj3@google.com.hk,413-533-9464,Sprint,Banner Ads,Android
684,Loretta,Penreth,lpenrethj4@jiathis.com,743-418-8285,Sprint,Instagram,Android
685,Hedi,Yelland,hyellandj5@yandex.ru,958-768-4991,Verizon,Instagram,Iphone
686,Sallyann,Iaduccelli,siaduccellij6@moonfruit.com,171-168-4103,Sprint,Hoardings,Iphone
687,Sherline,Silverthorn,ssilverthornj7@mozilla.org,876-308-9326,Sprint,Hoardings,Iphone
688,Colver,Le Sieur,clesieurj8@yolasite.com,976-144-3706,T-Mobile,Facebook,Iphone
689,Gearalt,Matthai,gmatthaij9@mit.edu,724-888-2643,Sprint,Facebook,Iphone
690,Cathee,Veldens,cveldensja@qq.com,850-322-2189,Sprint,Banner Ads,Android
691,Jozef,Igo,jigojb@cnbc.com,305-505-7820,T-Mobile,Hoardings,Android
692,Brose,Leggon,bleggonjc@cdc.gov,866-947-6539,Sprint,Hoardings,Android
693,Arch,Read,areadjd@hud.gov,126-553-9820,AT&T,Banner Ads,Android
694,Randi,D'Angeli,rdangelije@studiopress.com,240-380-9776,Verizon,Banner Ads,Iphone
695,Maximilien,Lambdon,mlambdonjf@harvard.edu,686-770-9786,T-Mobile,Instagram,Iphone
696,Darsie,Draycott,ddraycottjg@vk.com,315-643-9838,Lyca,Instagram,Android
697,Jemmy,Hatchman,jhatchmanjh@google.de,959-131-7695,Sprint,Hoardings,Iphone
698,Alexandr,Alderwick,aalderwickji@theglobeandmail.com,592-957-2508,Sprint,Hoardings,Iphone
699,Bette-ann,McIlvaney,bmcilvaneyjj@infoseek.co.jp,572-234-3395,Verizon,Hoardings,Iphone
700,Anissa,Dobeson,adobesonjk@arizona.edu,848-416-8526,Lyca,Instagram,Iphone
701,Stephani,Bignell,sbignelljl@time.com,206-519-8697,Lyca,Hoardings,Iphone
702,Elbert,Henningham,ehenninghamjm@amazon.de,643-928-3209,Sprint,Hoardings,Android
703,Ginnie,Pennaman,gpennamanjn@freewebs.com,904-732-9718,Comcast,Facebook,Android
704,Laurie,Bradfield,lbradfieldjo@indiatimes.com,475-166-7023,T-Mobile,Facebook,Iphone
705,Maris,Breckell,mbreckelljp@topsy.com,402-593-1442,AT&T,Facebook,Android
706,Berkly,Halpin,bhalpinjq@dot.gov,180-633-7323,AT&T,Facebook,Android
707,Brendin,Stiegars,bstiegarsjr@netscape.com,364-770-9306,T-Mobile,Facebook,Android
708,Giffer,Kerrich,gkerrichjs@sakura.ne.jp,704-828-1009,Lyca,Hoardings,Iphone
709,Rikki,Feares,rfearesjt@drupal.org,169-787-7188,Sprint,Instagram,Android
710,Lorilee,Fazakerley,lfazakerleyju@hugedomains.com,205-909-2970,Sprint,Hoardings,Iphone
711,Zulema,Randerson,zrandersonjv@livejournal.com,210-733-8264,AT&T,Banner Ads,Android
712,Celinka,Carnew,ccarnewjw@wufoo.com,570-257-2889,AT&T,Instagram,Iphone
713,Conrade,Gracey,cgraceyjx@blogs.com,114-450-3128,T-Mobile,Banner Ads,Iphone
714,Erika,Cockayme,ecockaymejy@prnewswire.com,176-649-0495,T-Mobile,Banner Ads,Iphone
715,Myrtie,Norrington,mnorringtonjz@wikipedia.org,527-150-9368,Verizon,Hoardings,Iphone
716,Humfried,Uccello,huccellok0@yelp.com,981-627-8046,AT&T,Instagram,Android
717,Izabel,Fosdyke,ifosdykek1@linkedin.com,823-700-1818,Sprint,Banner Ads,Android
718,Kareem,Kettlesing,kkettlesingk2@over-blog.com,889-360-1726,Sprint,Instagram,Android
719,Lacie,Greenall,lgreenallk3@nasa.gov,988-197-6878,Comcast,Hoardings,Iphone
720,Adria,Emerson,aemersonk4@ocn.ne.jp,336-107-0116,AT&T,Banner Ads,Android
721,Igor,Ferrieres,iferrieresk5@imdb.com,394-764-1761,Comcast,Hoardings,Iphone
722,Richard,Penketh,rpenkethk6@networkadvertising.org,292-137-8351,Verizon,Facebook,Android
723,Zebedee,Casewell,zcasewellk7@hc360.com,886-658-2082,Lyca,Hoardings,Android
724,Bryce,Crawley,bcrawleyk8@telegraph.co.uk,654-158-1318,Sprint,Facebook,Iphone
725,Dominica,Crosetti,dcrosettik9@illinois.edu,474-533-2013,Comcast,Facebook,Iphone
726,Hussein,Lehrer,hlehrerka@alexa.com,414-152-0737,Comcast,Banner Ads,Iphone
727,Aeriel,Olivas,aolivaskb@nydailynews.com,708-693-6895,AT&T,Facebook,Android
728,Brianna,Ettels,bettelskc@hhs.gov,973-868-9189,Sprint,Banner Ads,Iphone
729,Lothario,Hackey,lhackeykd@wikimedia.org,994-546-8759,Verizon,Facebook,Android
730,Halette,Pattlel,hpattlelke@msu.edu,481-836-7466,Lyca,Hoardings,Iphone
731,Juliet,Radnage,jradnagekf@discuz.net,323-313-8033,AT&T,Hoardings,Iphone
732,Tammi,Laffin,tlaffinkg@salon.com,614-212-4270,Comcast,Facebook,Android
733,Salomon,Sheather,ssheatherkh@wiley.com,714-868-5679,Sprint,Facebook,Android
734,Roseanna,Knudsen,rknudsenki@reverbnation.com,162-921-5227,Verizon,Banner Ads,Android
735,Conrado,Worden,cwordenkj@dedecms.com,675-871-1041,Lyca,Facebook,Android
736,Bathsheba,Cromly,bcromlykk@fema.gov,350-935-1896,AT&T,Instagram,Iphone
737,Tracy,Showalter,tshowalterkl@springer.com,448-169-9865,AT&T,Banner Ads,Android
738,Clemente,Dane,cdanekm@amazon.co.jp,422-664-9030,Sprint,Hoardings,Iphone
739,Rayna,Fancutt,rfancuttkn@seattletimes.com,420-147-7371,Comcast,Banner Ads,Android
740,Berenice,Hendron,bhendronko@blogspot.com,628-323-7115,Sprint,Facebook,Android
741,Jessamyn,Holdin,jholdinkp@webmd.com,332-424-6069,Comcast,Hoardings,Iphone
742,Hansiain,Alyonov,halyonovkq@nbcnews.com,899-858-6591,Comcast,Facebook,Android
743,Karole,Weldrake,kweldrakekr@fc2.com,252-279-6520,T-Mobile,Instagram,Android
744,Ahmed,Minerdo,aminerdoks@elegantthemes.com,121-124-3744,Sprint,Facebook,Iphone
745,Tarrah,Olenchikov,tolenchikovkt@1und1.de,991-407-8055,Comcast,Instagram,Iphone
746,Kennedy,Carnock,kcarnockku@opera.com,483-838-0438,AT&T,Banner Ads,Android
747,Skyler,Freestone,sfreestonekv@icio.us,954-929-9471,Verizon,Facebook,Android
748,Marianna,Everit,meveritkw@ovh.net,451-285-7841,AT&T,Banner Ads,Iphone
749,Marys,Wicher,mwicherkx@engadget.com,508-488-1817,AT&T,Facebook,Iphone
750,Astrix,Haszard,ahaszardky@boston.com,605-342-8525,Lyca,Hoardings,Android
751,Hamish,Veck,hveckl0@free.fr,610-619-9319,T-Mobile,Facebook,Android
752,Justino,Allington,jallingtonl1@quantcast.com,929-526-5757,AT&T,Banner Ads,Iphone
753,Alva,Conradsen,aconradsenl2@comsenz.com,374-520-3239,T-Mobile,Banner Ads,Iphone
754,Petra,Rands,prandsl3@imgur.com,130-999-2191,AT&T,Hoardings,Android
755,Sheri,Ballintyne,sballintynel4@ucoz.ru,281-365-5408,AT&T,Facebook,Android
756,Derick,Fowlston,dfowlstonl5@techcrunch.com,772-420-6374,Comcast,Instagram,Android
757,Debor,Huc,dhucl6@google.es,806-719-1125,T-Mobile,Facebook,Iphone
758,Gregoire,Nibloe,gnibloel7@instagram.com,953-589-4544,T-Mobile,Hoardings,Iphone
759,Cornelle,Collens,ccollensl8@technorati.com,254-124-1464,Verizon,Hoardings,Android
760,Tommy,Jeacock,tjeacockl9@istockphoto.com,797-675-1547,T-Mobile,Hoardings,Android
761,Stern,Bartels,sbartelsla@google.cn,192-995-5970,AT&T,Banner Ads,Android
762,Buffy,Golsby,bgolsbylb@nasa.gov,586-331-3966,Comcast,Facebook,Iphone
763,Arluene,Culter,aculterlc@wsj.com,849-608-7700,AT&T,Banner Ads,Iphone
764,Zelda,Chrispin,zchrispinld@usgs.gov,233-569-6441,AT&T,Hoardings,Iphone
765,Car,Zorzi,czorzile@barnesandnoble.com,110-169-2238,Lyca,Instagram,Iphone
766,Ciro,Trussler,ctrusslerlf@vkontakte.ru,641-822-1154,Sprint,Facebook,Android
767,Sacha,Eve,sevelg@reverbnation.com,320-247-6393,T-Mobile,Facebook,Android
768,Tisha,Lapwood,tlapwoodlh@time.com,197-111-7294,T-Mobile,Instagram,Iphone
769,Tiff,Probert,tprobertli@harvard.edu,202-668-8020,Verizon,Instagram,Iphone
770,Antonia,Harfoot,aharfootlj@yelp.com,804-599-3227,Lyca,Facebook,Android
771,Nealon,Shoobridge,nshoobridgelk@nature.com,192-514-1253,Lyca,Hoardings,Android
772,Dev,Hukin,dhukinll@army.mil,704-185-4522,Sprint,Facebook,Iphone
773,Terrence,Ivel,tivellm@whitehouse.gov,912-633-6750,AT&T,Hoardings,Iphone
774,Konstantine,Raine,kraineln@upenn.edu,140-711-2693,T-Mobile,Instagram,Android
775,Sarah,Petchey,spetcheylo@bbc.co.uk,369-903-8918,T-Mobile,Instagram,Iphone
776,Hasty,Headan,hheadanlp@soup.io,118-567-3058,Sprint,Instagram,Iphone
777,Tedie,Rudloff,trudlofflq@timesonline.co.uk,395-802-7862,Comcast,Hoardings,Iphone
778,Kathleen,Barnham,kbarnhamlr@buzzfeed.com,843-163-0655,Lyca,Banner Ads,Android
779,Burk,Rendle,brendlels@netscape.com,429-417-8202,Lyca,Instagram,Iphone
780,Marquita,Wattisham,mwattishamlt@amazon.com,889-935-9412,Verizon,Hoardings,Iphone
781,Katya,Voules,kvouleslu@examiner.com,343-330-9166,T-Mobile,Banner Ads,Android
782,Gwendolen,Lehrian,glehrianlv@fc2.com,533-411-0944,AT&T,Facebook,Iphone
783,Arin,Giannassi,agiannassilw@cargocollective.com,340-798-3868,T-Mobile,Facebook,Android
784,Lyndy,Buchan,lbuchanlx@arizona.edu,229-472-5497,Verizon,Banner Ads,Android
785,Madeleine,Phalip,mphaliply@51.la,379-688-4103,Lyca,Instagram,Android
786,Elaine,Rushmer,erushmerlz@joomla.org,391-578-5196,Sprint,Hoardings,Iphone
787,Sherrie,Kenwrick,skenwrickm0@jimdo.com,160-929-2929,Comcast,Hoardings,Android
788,Darn,Langfitt,dlangfittm1@odnoklassniki.ru,187-495-8149,Lyca,Instagram,Android
789,Lyndell,Waddam,lwaddamm2@ihg.com,391-793-6964,Comcast,Banner Ads,Android
790,Roarke,Scutcheon,rscutcheonm3@nytimes.com,308-704-8344,Sprint,Instagram,Android
791,Dollie,Hartley,dhartleym4@ucla.edu,211-252-2369,Comcast,Instagram,Iphone
792,Phaedra,Lempenny,plempennym5@symantec.com,912-831-0729,T-Mobile,Facebook,Android
793,Spike,Bowley,sbowleym6@gov.uk,838-448-8655,Verizon,Banner Ads,Android
794,Carri,Scranney,cscranneym7@mtv.com,338-896-7280,Comcast,Banner Ads,Android
795,Laurel,Raffeorty,lraffeortym8@jigsy.com,732-987-5031,Lyca,Facebook,Android
796,Pearline,Pawlick,ppawlickm9@marketwatch.com,577-118-5759,Comcast,Instagram,Iphone
797,Janeta,Vanin,jvaninma@eepurl.com,181-589-8845,AT&T,Hoardings,Iphone
798,Meredith,Polden,mpoldenmb@scribd.com,224-862-1993,AT&T,Hoardings,Iphone
799,James,Isac,jisacmc@soup.io,281-729-1065,Sprint,Banner Ads,Iphone
800,Adel,Bing,abingmd@ask.com,138-912-4551,Verizon,Facebook,Android
801,Laverne,Vaisey,lvaiseyme@marketwatch.com,984-753-6219,Sprint,Hoardings,Android
802,Abbye,Wingfield,awingfieldmf@mtv.com,254-118-6549,AT&T,Instagram,Android
803,Randi,McKaile,rmckailemg@salon.com,688-741-8086,Lyca,Banner Ads,Iphone
804,Renae,Glantz,rglantzmh@reverbnation.com,827-205-8602,Sprint,Facebook,Android
805,Mariska,Semechik,msemechikmi@technorati.com,695-779-8712,T-Mobile,Banner Ads,Iphone
806,Marinna,Dwyer,mdwyermj@cargocollective.com,624-365-2434,Verizon,Banner Ads,Iphone
807,Quinn,Cecely,qcecelymk@booking.com,238-894-7579,Verizon,Hoardings,Android
808,Nance,Iwanczyk,niwanczykml@yolasite.com,795-591-4785,Verizon,Hoardings,Android
809,Munmro,Cracknell,mcracknellmm@comcast.net,407-828-4284,Sprint,Banner Ads,Iphone
810,Walsh,Haward,whawardmn@t-online.de,296-785-0104,Sprint,Facebook,Iphone
811,Byron,Chichgar,bchichgarmo@skyrock.com,956-181-6862,Lyca,Facebook,Iphone
812,Conway,Prime,cprimemp@economist.com,944-106-0003,Sprint,Instagram,Iphone
813,Teresa,Craig,tcraigmq@bloomberg.com,275-833-9876,AT&T,Instagram,Iphone
814,Saunderson,Middle,smiddlemr@multiply.com,803-369-9931,Comcast,Instagram,Iphone
815,Anderea,Pena,apenams@amazonaws.com,654-535-8846,T-Mobile,Instagram,Android
816,Sadie,Naylor,snaylormt@ucoz.com,807-869-1926,Lyca,Instagram,Iphone
817,Raddy,Gianolo,rgianolomu@quantcast.com,684-496-4014,Verizon,Facebook,Iphone
818,Gabriello,Naisbet,gnaisbetmv@google.com.br,941-851-1025,T-Mobile,Banner Ads,Iphone
819,Gardner,Wrate,gwratemw@cocolog-nifty.com,459-241-6338,T-Mobile,Hoardings,Iphone
820,Kane,Derrick,kderrickmx@dion.ne.jp,249-621-9814,T-Mobile,Banner Ads,Iphone
821,Brok,Gookes,bgookesmy@weather.com,132-646-9087,AT&T,Facebook,Iphone
822,Allis,Greenman,agreenmanmz@nih.gov,944-219-9148,Sprint,Hoardings,Android
823,Pen,Edinburgh,pedinburghn0@hao123.com,475-117-4092,Verizon,Facebook,Android
824,Stefa,Tomblings,stomblingsn1@thetimes.co.uk,556-479-0458,Comcast,Hoardings,Iphone
825,Dallas,Smalcombe,dsmalcomben2@geocities.jp,964-746-2752,AT&T,Instagram,Iphone
826,Nehemiah,Wildes,nwildesn3@imageshack.us,990-498-6114,Lyca,Hoardings,Iphone
827,Nananne,Greeve,ngreeven4@google.com.hk,791-945-5796,Comcast,Hoardings,Iphone
828,Tadio,Snazel,tsnazeln5@free.fr,333-314-7124,Verizon,Instagram,Android
829,Rolland,Cock,rcockn6@yandex.ru,488-391-4974,Verizon,Facebook,Iphone
830,Aguie,Springthorpe,aspringthorpen7@reference.com,455-431-1131,Sprint,Hoardings,Iphone
831,Cleopatra,Oleszczak,coleszczakn8@google.es,161-613-6825,AT&T,Instagram,Android
832,Mickie,Havesides,mhavesidesn9@virginia.edu,271-229-7436,Verizon,Instagram,Iphone
833,Roland,O' Mahony,romahonyna@issuu.com,504-648-3819,Sprint,Banner Ads,Android
834,Tyne,Tillman,ttillmannb@is.gd,342-793-7891,Comcast,Hoardings,Iphone
835,Jsandye,Kibble,jkibblenc@cafepress.com,639-459-3691,T-Mobile,Banner Ads,Android
836,Germain,Riglar,griglarnd@moonfruit.com,179-937-2612,AT&T,Banner Ads,Iphone
837,Angelico,Kightly,akightlyne@google.de,503-863-9254,T-Mobile,Banner Ads,Iphone
838,Galen,Gozzett,ggozzettnf@odnoklassniki.ru,193-736-5619,T-Mobile,Facebook,Android
839,Channa,Passey,cpasseyng@technorati.com,435-316-6134,Sprint,Banner Ads,Android
840,Effie,Manshaw,emanshawnh@i2i.jp,380-996-6144,Sprint,Instagram,Android
841,Geordie,O' Driscoll,godriscollni@sciencedaily.com,358-317-0776,Sprint,Banner Ads,Android
842,Emmeline,Egerton,eegertonnj@irs.gov,514-508-1704,Verizon,Instagram,Android
843,Armstrong,Mundall,amundallnk@state.gov,463-650-5574,Verizon,Instagram,Iphone
844,Cacilie,Tuckwood,ctuckwoodnl@about.me,833-490-7196,Lyca,Hoardings,Android
845,Sam,Sibbs,ssibbsnm@angelfire.com,887-604-2566,Comcast,Hoardings,Iphone
846,Manny,Focke,mfockenn@uiuc.edu,320-730-8854,AT&T,Instagram,Android
847,Evita,Flay,eflayno@sakura.ne.jp,718-506-7021,Sprint,Banner Ads,Iphone
848,Fitzgerald,Sylett,fsylettnp@mozilla.org,851-782-8578,Verizon,Banner Ads,Iphone
849,Iggie,Curmi,icurminq@amazon.co.jp,469-184-8821,Sprint,Facebook,Android
850,Coop,Shew,cshewnr@issuu.com,325-787-8322,AT&T,Banner Ads,Iphone
851,Konstance,Brunotti,kbrunottins@plala.or.jp,141-478-2048,Verizon,Hoardings,Iphone
852,Tony,Cozins,tcozinsnt@auda.org.au,904-817-6584,Verizon,Instagram,Android
853,Serene,McMurray,smcmurraynu@unblog.fr,286-398-1179,Verizon,Facebook,Android
854,Milissent,Dominka,mdominkanv@aboutads.info,123-975-0919,Comcast,Facebook,Iphone
855,Ugo,Trivett,utrivettnw@samsung.com,748-818-7777,AT&T,Hoardings,Android
856,Cherri,Darby,cdarbynx@nps.gov,835-179-3420,Sprint,Banner Ads,Iphone
857,Peggy,Gainsburgh,pgainsburghny@hatena.ne.jp,846-956-0130,Sprint,Hoardings,Android
858,Raimundo,Epdell,repdellnz@nature.com,607-286-6197,AT&T,Facebook,Android
859,Trescha,Loxston,tloxstono0@ucoz.ru,146-480-1423,Comcast,Instagram,Iphone
860,Leo,Russe,lrusseo1@google.fr,463-118-7980,T-Mobile,Facebook,Iphone
861,Selina,Wyllcocks,swyllcockso2@cdc.gov,451-505-0297,T-Mobile,Banner Ads,Android
862,Raychel,Kevern,rkeverno3@tamu.edu,164-455-9673,Verizon,Hoardings,Android
863,Aila,Bonnick,abonnicko4@odnoklassniki.ru,327-957-5712,Verizon,Hoardings,Android
864,Mehetabel,Cownden,mcowndeno5@umn.edu,876-834-2160,Lyca,Facebook,Iphone
865,Tabbi,McMonies,tmcmonieso6@nature.com,149-510-2094,Verizon,Facebook,Android
866,Gordie,Emer,gemero7@sogou.com,823-388-3325,Verizon,Banner Ads,Android
867,Valentia,McKoy,vmckoyo8@g.co,428-471-6353,Verizon,Facebook,Android
868,Lauralee,Choak,lchoako9@linkedin.com,355-495-1818,T-Mobile,Hoardings,Iphone
869,Sandor,Rodder,srodderoa@wufoo.com,221-239-0723,T-Mobile,Instagram,Iphone
870,Stirling,Skerratt,sskerrattob@phpbb.com,298-266-7849,Sprint,Facebook,Iphone
871,Garvin,Spirit,gspiritoc@trellian.com,818-921-3751,Lyca,Hoardings,Android
872,Zitella,Sproson,zsprosonod@nyu.edu,253-800-8978,Comcast,Banner Ads,Android
873,Nerita,McKibben,nmckibbenoe@omniture.com,915-511-4056,T-Mobile,Instagram,Iphone
874,Batholomew,Matias,bmatiasof@creativecommons.org,632-248-1635,Sprint,Hoardings,Iphone
875,Klemens,Gowan,kgowanog@bbb.org,488-690-8432,Comcast,Banner Ads,Android
876,Monica,Fochs,mfochsoh@so-net.ne.jp,976-800-9668,Verizon,Hoardings,Iphone
877,Prissie,Chadburn,pchadburnoi@networkadvertising.org,165-757-5648,Comcast,Facebook,Iphone
878,Kristina,Shatford,kshatfordoj@gravatar.com,858-614-6187,Comcast,Facebook,Iphone
879,Rodge,Tyt,rtytok@sogou.com,234-979-3518,AT&T,Hoardings,Android
880,Emelita,Berth,eberthol@ted.com,291-729-9135,Lyca,Banner Ads,Iphone
881,Quill,Filippazzo,qfilippazzoom@cmu.edu,834-222-5064,AT&T,Instagram,Iphone
882,Reeva,Littlefair,rlittlefairon@e-recht24.de,748-677-4127,Comcast,Instagram,Android
883,Guss,Tanman,gtanmanoo@comcast.net,201-509-8790,Comcast,Instagram,Android
884,Lita,Bailie,lbailieop@vimeo.com,648-764-3526,Comcast,Hoardings,Iphone
885,Joellen,Biggs,jbiggsoq@addthis.com,957-631-9194,Sprint,Facebook,Android
886,Mead,Warcop,mwarcopor@meetup.com,928-105-8635,Sprint,Instagram,Iphone
887,Aprilette,Hearty,aheartyos@vistaprint.com,305-189-8641,AT&T,Hoardings,Iphone
888,Meta,Butchard,mbutchardot@amazon.co.uk,710-335-1932,AT&T,Facebook,Android
889,Chalmers,Hosby,chosbyou@yandex.ru,526-125-6992,Lyca,Hoardings,Iphone
890,Glyn,Elnaugh,gelnaughov@theguardian.com,237-294-6425,T-Mobile,Facebook,Android
891,Sinclair,Bristoe,sbristoeow@histats.com,580-443-8154,Sprint,Hoardings,Android
892,Thorpe,Norville,tnorvilleox@wikia.com,171-438-3062,Sprint,Facebook,Iphone
893,Leroy,Loveitt,lloveittoy@nyu.edu,952-379-1169,T-Mobile,Hoardings,Iphone
894,Dom,Firk,dfirkoz@exblog.jp,428-210-5590,T-Mobile,Instagram,Android
895,Stephanus,Mumbey,smumbeyp0@redcross.org,315-896-6219,Lyca,Facebook,Iphone
896,Lanae,Lesaunier,llesaunierp1@sciencedaily.com,256-371-4514,AT&T,Facebook,Iphone
897,Heath,Clayfield,hclayfieldp2@mac.com,696-750-5283,Sprint,Facebook,Android
898,Si,Maggiori,smaggiorip3@bluehost.com,866-463-9867,T-Mobile,Banner Ads,Iphone
899,Kaylyn,Garthshore,kgarthshorep4@auda.org.au,502-726-7590,T-Mobile,Hoardings,Iphone
900,Merl,Bilham,mbilhamp5@dot.gov,836-282-9823,Lyca,Facebook,Android
901,Augustus,Nuth,anuthp6@bigcartel.com,230-807-1909,Sprint,Facebook,Android
902,Christoph,Napolione,cnapolionep7@bloglovin.com,167-754-3737,AT&T,Instagram,Iphone
903,Ferdie,Dyneley,fdyneleyp8@1und1.de,677-383-5311,Comcast,Instagram,Iphone
904,Berti,Debnam,bdebnamp9@vistaprint.com,769-283-8193,AT&T,Facebook,Iphone
905,Norry,Valde,nvaldepa@sogou.com,174-699-9911,Lyca,Instagram,Iphone
906,Carlie,Minichillo,cminichillopb@census.gov,616-462-5537,Verizon,Instagram,Android
907,Iris,Ollett,iollettpc@ovh.net,146-397-7178,T-Mobile,Facebook,Iphone
908,Daria,Bernot,dbernotpe@comcast.net,416-204-7248,Comcast,Hoardings,Iphone
909,Louella,Leggate,lleggatepf@hugedomains.com,145-411-7737,T-Mobile,Hoardings,Iphone
910,Gearard,Mason,gmasonpg@mtv.com,465-525-2569,Sprint,Hoardings,Android
911,Ronni,Plascott,rplascottph@rediff.com,478-499-9099,Lyca,Hoardings,Android
912,Moselle,Vasentsov,mvasentsovpi@yolasite.com,313-217-2599,Comcast,Facebook,Iphone
913,Duane,Wye,dwyepj@bandcamp.com,499-460-5739,Lyca,Facebook,Iphone
914,Glori,Sparrowhawk,gsparrowhawkpk@smugmug.com,348-223-4777,Comcast,Banner Ads,Android
915,Jeth,Brittin,jbrittinpl@ustream.tv,180-450-0112,AT&T,Facebook,Android
916,Tonie,Longhorn,tlonghornpm@bigcartel.com,207-945-8989,T-Mobile,Hoardings,Iphone
917,Aggi,Asmus,aasmuspn@constantcontact.com,356-715-3575,Verizon,Facebook,Iphone
918,Virgie,Planks,vplankspo@de.vu,468-561-0875,T-Mobile,Facebook,Iphone
919,Martguerita,Arnett,marnettpp@earthlink.net,355-978-0812,Verizon,Hoardings,Android
920,Marketa,Cawthorne,mcawthornepq@bloomberg.com,160-545-5738,Verizon,Facebook,Android
921,Shermie,Craigs,scraigspr@ehow.com,682-827-1351,AT&T,Facebook,Iphone
922,Ardeen,Bockett,abockettps@simplemachines.org,409-669-4371,Comcast,Hoardings,Android
923,Ax,Warland,awarlandpt@edublogs.org,396-422-5280,Sprint,Hoardings,Iphone
924,Silvia,Mounfield,smounfieldpu@pcworld.com,383-187-5353,AT&T,Facebook,Android
925,Gorden,O'Hearn,gohearnpv@odnoklassniki.ru,954-738-7887,AT&T,Banner Ads,Iphone
926,Odo,Backes,obackespw@house.gov,163-237-1004,Sprint,Hoardings,Iphone
927,Janina,Chomiszewski,jchomiszewskipx@homestead.com,104-238-7398,Lyca,Facebook,Iphone
928,Roxie,Andreichik,randreichikpy@dot.gov,364-322-8069,Lyca,Hoardings,Android
929,Tymothy,Stancliffe,tstancliffepz@live.com,308-570-5809,Lyca,Banner Ads,Iphone
930,Dael,Robecon,drobeconq0@house.gov,438-898-2553,AT&T,Facebook,Android
931,Sumner,Kirkness,skirknessq1@miitbeian.gov.cn,311-115-9761,Verizon,Banner Ads,Iphone
932,Alaster,Badwick,abadwickq2@linkedin.com,103-179-3009,Sprint,Banner Ads,Iphone
933,Jennifer,Feathers,jfeathersq3@webmd.com,999-818-9101,Sprint,Facebook,Android
934,Darrin,Setford,dsetfordq5@cpanel.net,880-561-7808,Lyca,Banner Ads,Iphone
935,Ham,Yeld,hyeldq6@blinklist.com,962-922-6627,Sprint,Hoardings,Iphone
936,Amie,Tudge,atudgeq7@ed.gov,950-422-1456,Sprint,Instagram,Iphone
937,Araldo,Harrop,aharropq8@alibaba.com,829-182-5759,Verizon,Facebook,Android
938,Gnni,Louca,gloucaq9@bloglines.com,794-147-1301,T-Mobile,Hoardings,Android
939,Barbaraanne,Lindenman,blindenmanqa@1688.com,357-367-3053,Sprint,Banner Ads,Android
940,Batsheva,Reeveley,breeveleyqb@lycos.com,164-513-6986,Lyca,Instagram,Android
941,Stanislas,Slograve,sslograveqc@mail.ru,790-325-3015,Sprint,Banner Ads,Iphone
942,Huntington,Gavaghan,hgavaghanqd@abc.net.au,907-595-9186,Lyca,Banner Ads,Android
943,Domenic,Castles,dcastlesqe@facebook.com,931-219-2712,AT&T,Facebook,Android
944,Coralie,Hayles,chaylesqf@ovh.net,807-611-4292,T-Mobile,Facebook,Iphone
945,Blake,Zoane,bzoaneqg@wp.com,206-111-8282,AT&T,Banner Ads,Android
946,Waiter,Royste,wroysteqh@examiner.com,957-832-9558,T-Mobile,Instagram,Iphone
947,Meryl,Paxeford,mpaxefordqi@state.tx.us,851-992-4180,Verizon,Instagram,Iphone
948,Faith,Ferras,fferrasqj@state.gov,918-515-0183,Verizon,Banner Ads,Iphone
949,Minny,Plaxton,mplaxtonqk@histats.com,783-565-2654,Lyca,Hoardings,Iphone
950,Simonne,Stammer,sstammerql@bluehost.com,960-675-5982,AT&T,Facebook,Iphone
951,Emmi,Willgress,ewillgressqm@craigslist.org,786-741-6037,Verizon,Hoardings,Iphone
952,Earvin,Klaaassen,eklaaassenqn@discovery.com,374-780-4335,Sprint,Instagram,Android
953,Rowan,Klus,rklusqo@wix.com,589-370-8308,Comcast,Hoardings,Iphone
954,Tedda,Suttle,tsuttleqp@sfgate.com,791-212-9159,Comcast,Banner Ads,Iphone
955,Eada,Station,estationqq@so-net.ne.jp,871-827-1746,T-Mobile,Facebook,Iphone
956,Gill,Gabriely,ggabrielyqr@meetup.com,617-469-5209,Lyca,Banner Ads,Android
957,Raffaello,Josephoff,rjosephoffqs@addthis.com,494-245-8814,T-Mobile,Hoardings,Android
958,Carter,Dumphy,cdumphyqt@wufoo.com,396-847-6340,Lyca,Instagram,Iphone
959,Hillard,Brea,hbreaqu@ovh.net,564-708-5337,Verizon,Banner Ads,Android
960,Cletis,Pollie,cpollieqv@fc2.com,850-348-0198,Comcast,Hoardings,Iphone
961,Estele,Rope,eropeqw@imageshack.us,701-359-1033,Comcast,Instagram,Iphone
962,Malanie,Gidney,mgidneyqx@live.com,711-802-6104,T-Mobile,Hoardings,Iphone
963,Flem,Swindle,fswindleqy@ebay.com,188-219-1792,T-Mobile,Instagram,Android
964,Wyndham,Camies,wcamiesqz@webnode.com,303-939-2087,Verizon,Hoardings,Android
965,Olympe,Syvret,osyvretr0@narod.ru,951-963-0474,AT&T,Banner Ads,Android
966,Abel,Feye,afeyer1@i2i.jp,719-270-0406,Sprint,Banner Ads,Iphone
967,Conni,Horsburgh,chorsburghr2@theguardian.com,349-509-6298,AT&T,Instagram,Android
968,Roze,Daugherty,rdaughertyr3@unc.edu,461-764-6828,Comcast,Facebook,Iphone
969,Ware,Cornborough,wcornboroughr4@ucoz.com,518-161-0295,AT&T,Facebook,Iphone
970,Giraldo,Gravestone,ggravestoner5@dailymail.co.uk,873-711-2003,Verizon,Hoardings,Iphone
971,Darnell,Shearwood,dshearwoodr6@acquirethisname.com,709-987-7078,Lyca,Banner Ads,Iphone
972,Hattie,Hoggan,hhogganr7@huffingtonpost.com,609-542-7459,Lyca,Hoardings,Iphone
973,Trish,Slemmonds,tslemmondsr8@ihg.com,309-297-5566,Comcast,Banner Ads,Android
974,Graeme,Kurton,gkurtonr9@google.co.jp,344-621-8196,T-Mobile,Instagram,Android
975,Donal,Billyard,dbillyardra@ifeng.com,885-857-6843,Comcast,Instagram,Android
976,Larisa,Kornas,lkornasrb@goo.ne.jp,707-114-5118,Sprint,Instagram,Iphone
977,Shepherd,Slaymaker,sslaymakerrc@reddit.com,306-852-8346,AT&T,Banner Ads,Android
978,Georas,Penvarne,gpenvarnerd@scientificamerican.com,168-710-3856,Comcast,Instagram,Android
979,Remus,Corriea,rcorrieare@t.co,277-948-5886,Comcast,Instagram,Android
980,Koenraad,Ryland,krylandrf@mit.edu,565-824-2876,Comcast,Hoardings,Android
981,Archibald,Izak,aizakrg@nydailynews.com,711-542-1134,AT&T,Hoardings,Android
982,Fay,Benech,fbenechrh@mysql.com,340-540-6465,Verizon,Hoardings,Android
983,Caitrin,McKerlie,cmckerlieri@google.fr,830-239-5381,Comcast,Hoardings,Iphone
984,Ann-marie,Digg,adiggrj@pcworld.com,732-901-3061,T-Mobile,Hoardings,Iphone
985,Rosabella,Elcombe,relcomberk@delicious.com,505-424-6621,Sprint,Instagram,Iphone
986,Carolynn,Vater,cvaterrl@umich.edu,871-919-6371,Lyca,Hoardings,Iphone
987,Dominique,Oxton,doxtonrm@samsung.com,847-294-9976,Lyca,Banner Ads,Iphone
988,Evania,Davies,edaviesrn@tuttocitta.it,766-451-1780,Sprint,Instagram,Iphone
989,Merilyn,Egerton,megertonro@odnoklassniki.ru,483-147-9787,Verizon,Banner Ads,Iphone
990,Chadd,Windas,cwindasrp@hatena.ne.jp,644-350-7440,AT&T,Banner Ads,Iphone
991,Barth,Atcock,batcockrq@blogger.com,487-136-3030,Verizon,Hoardings,Android
992,Karlotta,Harral,kharralrr@smugmug.com,420-746-7221,T-Mobile,Banner Ads,Android
